object_name,obs_filename,download_files
2012 UR158,919804p.fits.fz,https://ws.cadc-ccda.hia-iha.nrc-cnrc.gc.ca/data/pub/CFHT/919804p.fits.fz
2012 UR158,dec098793.fits.fz,https://astroarchive.noirlab.edu/api/retrieve/95367e5f9ba6e4a5c928acfa856bd219
2012 UR158,c4d_130816_065531_ooi_z_a1.fits.fz,https://astroarchive.noirlab.edu/api/retrieve/69af274f1718151be574576f95498e36
2012 UR158,c4d_130816_065531_ooi_z_ls11.fits.fz,https://astroarchive.noirlab.edu/api/retrieve/6eb5e1470412903e4bd2c4a60da53a71
2012 UR158,c4d_140526_094658_ooi_g_v1.fits.fz,https://astroarchive.noirlab.edu/api/retrieve/4b02b23b36be993274cdc8d7b4cbea3b
2012 UR158,c4d_140526_094658_ooi_g_ls9.fits.fz,https://astroarchive.noirlab.edu/api/retrieve/43a7c889cf015a6b29617f3e2486bd73
2012 UR158,c4d_140526_094941_ooi_g_v1.fits.fz,https://astroarchive.noirlab.edu/api/retrieve/1c355320fb1bebcfb3b9dfd2fef52717
2012 UR158,c4d_140526_094941_ooi_g_ls9.fits.fz,https://astroarchive.noirlab.edu/api/retrieve/df989946c191674a56e8a0bf9c07ddc9
2012 UR158,c4d_140526_095223_ooi_g_v1.fits.fz,https://astroarchive.noirlab.edu/api/retrieve/944c15c3ed051b3f3049fe411e0bd3f2
2012 UR158,c4d_140526_095223_ooi_g_ls9.fits.fz,https://astroarchive.noirlab.edu/api/retrieve/f2a3ad2f80747eee76e927f2a88d86a1
2012 UR158,c4d_140526_095538_ooi_r_v1.fits.fz,https://astroarchive.noirlab.edu/api/retrieve/9f14c66839bc5da809546caf8f6472f9
2012 UR158,c4d_140526_095538_ooi_r_ls9.fits.fz,https://astroarchive.noirlab.edu/api/retrieve/0f29e6649e706304eff6e48a21dd37d8
2012 UR158,c4d_140526_095853_ooi_r_v1.fits.fz,https://astroarchive.noirlab.edu/api/retrieve/9423469861d18a29a1eac4fe0dfe5aee
2012 UR158,c4d_140526_095853_ooi_r_ls9.fits.fz,https://astroarchive.noirlab.edu/api/retrieve/b5118d9c8dfe004004738def4a517979
2012 UR158,c4d_140526_100208_ooi_r_v1.fits.fz,https://astroarchive.noirlab.edu/api/retrieve/5ebb48095dfd123b2293b8c3f3d02114
2012 UR158,c4d_140526_100208_ooi_r_ls9.fits.fz,https://astroarchive.noirlab.edu/api/retrieve/a33feb36ea9606c7906db0162e148f3c
2012 UR158,c4d_140526_100555_ooi_z_v1.fits.fz,https://astroarchive.noirlab.edu/api/retrieve/642a90f1711d5c167a9bfefe40739409
2012 UR158,c4d_140526_100555_ooi_z_ls9.fits.fz,https://astroarchive.noirlab.edu/api/retrieve/5f0c1674ab290ff5027dc559ee69b47e
2012 UR158,c4d_140526_100942_ooi_z_v1.fits.fz,https://astroarchive.noirlab.edu/api/retrieve/2402cd703d0574c69a50c90a8e669fb7
2012 UR158,c4d_140526_100942_ooi_z_ls9.fits.fz,https://astroarchive.noirlab.edu/api/retrieve/3df8ce0cc7f96225cc2112ff58e7fc6f
2012 UR158,c4d_140526_101332_ooi_z_v1.fits.fz,https://astroarchive.noirlab.edu/api/retrieve/c28850d5270a2ba4a15d9135ec8116fe
2012 UR158,c4d_140526_101332_ooi_z_ls9.fits.fz,https://astroarchive.noirlab.edu/api/retrieve/eca29c69668f17d254a5f0f9254a9ed4
2012 UR158,c4d_140906_030847_ooi_Y_v1.fits.fz,https://astroarchive.noirlab.edu/api/retrieve/bc7a401be487d84b72a477beef16fb1e
2012 UR158,c4d_140906_030847_ooi_Y_ls11.fits.fz,https://astroarchive.noirlab.edu/api/retrieve/f2b15ac1f0a94a8267da910c154be440
2012 UR158,c4d_150619_105142_ooi_i_v1.fits.fz,https://astroarchive.noirlab.edu/api/retrieve/a6df4c67cb27a974e9d123befbc6d47f
2012 UR158,c4d_150619_105142_ooi_i_ls11.fits.fz,https://astroarchive.noirlab.edu/api/retrieve/628faf93744badaba7f54997964df24f
2012 UR158,c4d_150620_102715_ooi_i_v2.fits.fz,https://astroarchive.noirlab.edu/api/retrieve/d42508a5e7306253d262bc7eb24e1149
2012 UR158,c4d_150620_102715_ooi_i_ls11.fits.fz,https://astroarchive.noirlab.edu/api/retrieve/361d9f55e7c70016de00c4768dff4030
2012 UR158,c4d_150626_100922_ooi_i_v1.fits.fz,https://astroarchive.noirlab.edu/api/retrieve/8a4d77e4fbaddd756acf0bc7c084431c
2012 UR158,c4d_150626_100922_ooi_i_ls10.fits.fz,https://astroarchive.noirlab.edu/api/retrieve/7d89e7b93f336842ac1758ce5f51c541
2012 UR158,c4d_150626_101043_ooi_i_v1.fits.fz,https://astroarchive.noirlab.edu/api/retrieve/0d7ec52a9f55aa13fac194e37cb89ea1
2012 UR158,c4d_150626_101043_ooi_i_ls10.fits.fz,https://astroarchive.noirlab.edu/api/retrieve/14ed53651233189cfdcfe5c93d065bca
2012 UR158,c4d_151107_012631_ooi_r_d2.fits.fz,https://astroarchive.noirlab.edu/api/retrieve/f729cdac85af3260f1af0dbe5bcb9536
2012 UR158,c4d_151107_012631_ooi_r_v1.fits.fz,https://astroarchive.noirlab.edu/api/retrieve/cb09476ff39f17c8eb830d2874d03b5e
2012 UR158,c4d_151107_012631_ooi_r_ls9.fits.fz,https://astroarchive.noirlab.edu/api/retrieve/9df283c1aa287822363a6d08ff07df28
2012 UR158,c4d_151107_012832_ooi_i_d2.fits.fz,https://astroarchive.noirlab.edu/api/retrieve/ff2b99bcfedc008cc4c59996e20912de
2012 UR158,c4d_151107_012832_ooi_i_v1.fits.fz,https://astroarchive.noirlab.edu/api/retrieve/5f2af350d5d53fd655efd09cd8787a77
2012 UR158,c4d_151107_012832_ooi_i_ls10.fits.fz,https://astroarchive.noirlab.edu/api/retrieve/3e86203573bbecaa6c4b1c5f605ba02b
2012 UR158,c4d_151107_013029_ooi_g_d2.fits.fz,https://astroarchive.noirlab.edu/api/retrieve/fdfa97da2fff4397a76869ef0fe1f18e
2012 UR158,c4d_151107_013029_ooi_g_v1.fits.fz,https://astroarchive.noirlab.edu/api/retrieve/a83f528c0ca88d33ffdd0d6761454864
2012 UR158,c4d_151107_013029_ooi_g_ls9.fits.fz,https://astroarchive.noirlab.edu/api/retrieve/8d71c0cebc90d0dcb7283ce6d91704a0
2012 UR158,1859804p.fits.fz,https://ws.cadc-ccda.hia-iha.nrc-cnrc.gc.ca/data/pub/CFHT/1859804p.fits.fz
2012 UR158,1859805p.fits.fz,https://ws.cadc-ccda.hia-iha.nrc-cnrc.gc.ca/data/pub/CFHT/1859805p.fits.fz
2012 UR158,1859995p.fits.fz,https://ws.cadc-ccda.hia-iha.nrc-cnrc.gc.ca/data/pub/CFHT/1859995p.fits.fz
2012 UR158,1859996p.fits.fz,https://ws.cadc-ccda.hia-iha.nrc-cnrc.gc.ca/data/pub/CFHT/1859996p.fits.fz
2012 UR158,1859997p.fits.fz,https://ws.cadc-ccda.hia-iha.nrc-cnrc.gc.ca/data/pub/CFHT/1859997p.fits.fz
2012 UR158,1859998p.fits.fz,https://ws.cadc-ccda.hia-iha.nrc-cnrc.gc.ca/data/pub/CFHT/1859998p.fits.fz
2012 UR158,1859999p.fits.fz,https://ws.cadc-ccda.hia-iha.nrc-cnrc.gc.ca/data/pub/CFHT/1859999p.fits.fz
2012 UR158,1860000p.fits.fz,https://ws.cadc-ccda.hia-iha.nrc-cnrc.gc.ca/data/pub/CFHT/1860000p.fits.fz
2012 UR158,c4d_160718_015604_ooi_r_v1.fits.fz,https://astroarchive.noirlab.edu/api/retrieve/affeccf08e9fa0b6d44c54eaf6d6a7c7
2012 UR158,c4d_160718_015604_ooi_r_ls9.fits.fz,https://astroarchive.noirlab.edu/api/retrieve/c08e15c2213d1912871a077303b683e1
2012 UR158,c4d_170820_031114_ooi_r_v1.fits.fz,https://astroarchive.noirlab.edu/api/retrieve/f2aa3123a61b932f3d856b191a5e8f37
2012 UR158,c4d_170820_031114_ooi_r_ls9.fits.fz,https://astroarchive.noirlab.edu/api/retrieve/1a0039fcebc80b32e7e316d58d813324
2012 UR158,c4d_180901_081613_ooi_z_v1.fits.fz,https://astroarchive.noirlab.edu/api/retrieve/5d614476d90316a51c7fc8183a9eb0e2
2012 UR158,c4d_180901_081613_ooi_z_ls9.fits.fz,https://astroarchive.noirlab.edu/api/retrieve/03b23eb5e474553959d12692e429931d
2012 UR158,c4d_180902_081952_ooi_z_v1.fits.fz,https://astroarchive.noirlab.edu/api/retrieve/67878cc3d5ad4d3d9046193a1daed177
2012 UR158,c4d_180902_081952_ooi_z_ls9.fits.fz,https://astroarchive.noirlab.edu/api/retrieve/3e33f1296cd073e3831d2b431821a1ec
2012 UR158,c4d_180902_082157_ooi_z_v1.fits.fz,https://astroarchive.noirlab.edu/api/retrieve/e1ff6a4263feb4c03934aa8266aa664d
2012 UR158,c4d_180902_082157_ooi_z_ls9.fits.fz,https://astroarchive.noirlab.edu/api/retrieve/edaf57d42df9fede43bdb9ce354174d3
2012 UR158,c4d_180904_030734_ooi_r_v1.fits.fz,https://astroarchive.noirlab.edu/api/retrieve/118c61606c5c961b01f5773be2b368e2
2012 UR158,c4d_180904_030734_ooi_r_ls9.fits.fz,https://astroarchive.noirlab.edu/api/retrieve/b0343ecbe6e75262d551b67abaf900cd
2012 UR158,c4d_180906_031949_ooi_g_v1.fits.fz,https://astroarchive.noirlab.edu/api/retrieve/40b4dbbb9ef87f95af0588d70f25371b
2012 UR158,c4d_180906_031949_ooi_g_ls9.fits.fz,https://astroarchive.noirlab.edu/api/retrieve/add5c348be24cb6bd22e92ac1ec32fb4
2012 UR158,c4d_180906_032150_ooi_r_v1.fits.fz,https://astroarchive.noirlab.edu/api/retrieve/99c5c7175767b7df333a84bd5ea6dffa
2012 UR158,c4d_180906_032150_ooi_r_ls9.fits.fz,https://astroarchive.noirlab.edu/api/retrieve/337787bf402bdf63cc07ba8e41a15fac
2012 UR158,c4d_180919_014618_ooi_z_v1.fits.fz,https://astroarchive.noirlab.edu/api/retrieve/23de8f8dbbe663aee7a53fc0c14cdfb8
2012 UR158,c4d_180919_014618_ooi_z_ls9.fits.fz,https://astroarchive.noirlab.edu/api/retrieve/aabfd07b9377a66c6f00955fd7a244a4
2012 UR158,c4d_181019_000229_ooi_Y_v1.fits.fz,https://astroarchive.noirlab.edu/api/retrieve/8725ffcc4346d21e9a3be62d9527a9ec
2012 UR158,c4d_201126_005634_ooi_i_v1.fits.fz,https://astroarchive.noirlab.edu/api/retrieve/dce86a114bbe0024620febe3cdf7ff1f
2001 ME1,1789779p.fits.fz,https://ws.cadc-ccda.hia-iha.nrc-cnrc.gc.ca/data/pub/CFHT/1789779p.fits.fz
2001 ME1,c4d_150330_032518_ooi_z_v1.fits.fz,https://astroarchive.noirlab.edu/api/retrieve/54bfde97d9de8f9d24dd401017cefe67
2001 ME1,c4d_150330_032518_ooi_z_ls9.fits.fz,https://astroarchive.noirlab.edu/api/retrieve/5eb189aa90679bb8dd7413dc8e90aae3
2001 ME1,c4d_150518_231940_ooi_r_v1.fits.fz,https://astroarchive.noirlab.edu/api/retrieve/6603ed7b33749dd25f626accaaba4273
2001 ME1,c4d_150518_232040_ooi_r_v1.fits.fz,https://astroarchive.noirlab.edu/api/retrieve/f177cfeb24f2779b08d0bfaecd2f415b
2001 ME1,c4d_150518_232137_ooi_r_v1.fits.fz,https://astroarchive.noirlab.edu/api/retrieve/2ca3033edd9f27705aefe3aec61af53e
2001 ME1,c4d_150519_020158_ooi_r_v1.fits.fz,https://astroarchive.noirlab.edu/api/retrieve/9945b9ce00d0a297348768aad592373c
2001 ME1,c4d_150519_020256_ooi_r_v1.fits.fz,https://astroarchive.noirlab.edu/api/retrieve/7207f11a4d109d5ef894416c6dcd9355
2001 ME1,c4d_160403_061932_ooi_u_v1.fits.fz,https://astroarchive.noirlab.edu/api/retrieve/274606a66eed0759471bf9d715b8931f
2001 ME1,c4d_160403_063520_ooi_u_v1.fits.fz,https://astroarchive.noirlab.edu/api/retrieve/976310b8a5a4fac4b6c01a568496354c
2001 ME1,c4d_160408_045710_ooi_r_v1.fits.fz,https://astroarchive.noirlab.edu/api/retrieve/0edf38c57ee2ecfd810dff6b854d0554
2001 ME1,c4d_160408_045710_ooi_r_ls9.fits.fz,https://astroarchive.noirlab.edu/api/retrieve/331b63cde3fb89077cfe9de14fe54450
2001 ME1,c4d_160408_045900_ooi_r_v1.fits.fz,https://astroarchive.noirlab.edu/api/retrieve/6d445178fb671b611c8d998b1472185b
2001 ME1,c4d_160408_045900_ooi_r_ls9.fits.fz,https://astroarchive.noirlab.edu/api/retrieve/176c5df2808ce6acc9adcb18e485576b
2001 ME1,c4d_160409_043127_ooi_g_v1.fits.fz,https://astroarchive.noirlab.edu/api/retrieve/5fc813769a3dd0307f316515ada8dc11
2001 ME1,c4d_160409_043127_ooi_g_ls11.fits.fz,https://astroarchive.noirlab.edu/api/retrieve/f2a129fe39381723177d1e0e3f4eedc6
2001 ME1,c4d_160409_050023_ooi_r_v1.fits.fz,https://astroarchive.noirlab.edu/api/retrieve/e5c397a9b4058bdb3e702a36f336eff0
2001 ME1,c4d_160409_050023_ooi_r_ls9.fits.fz,https://astroarchive.noirlab.edu/api/retrieve/98e0004bc4c3f2a49c502405e2cd6a46
2001 ME1,c4d_160727_230501_ooi_i_v1.fits.fz,https://astroarchive.noirlab.edu/api/retrieve/730d9ec077140b01e651978605c053e1
2001 ME1,c4d_160727_230501_ooi_i_ls10.fits.fz,https://astroarchive.noirlab.edu/api/retrieve/cf87a925912b66d4567c324209c268e7
2001 ME1,c4d_160729_231925_ooi_i_v1.fits.fz,https://astroarchive.noirlab.edu/api/retrieve/f55de279bf6e2e9faac96d8575fe8d5a
2001 ME1,c4d_160729_231925_ooi_i_ls10.fits.fz,https://astroarchive.noirlab.edu/api/retrieve/fd4bac89deaa82f86d91e8ff48a56cb5
2001 ME1,c4d_160811_231446_ooi_z_v1.fits.fz,https://astroarchive.noirlab.edu/api/retrieve/aa3b518c1c8629a05447e0a93fda1f0e
2001 ME1,c4d_160811_231446_ooi_z_ls11.fits.fz,https://astroarchive.noirlab.edu/api/retrieve/8500b7cecb6c42ddd50302a8886fc395
2001 ME1,c4d_170422_083109_ooi_z_v1.fits.fz,https://astroarchive.noirlab.edu/api/retrieve/92cb2a6702a7e6fbd29b1f00d6290861
2001 ME1,c4d_170422_083109_ooi_z_ls9.fits.fz,https://astroarchive.noirlab.edu/api/retrieve/9e3f38c83c8f5270de80f0e74179b68f
2001 ME1,c4d_170505_013002_ooi_z_v1.fits.fz,https://astroarchive.noirlab.edu/api/retrieve/281d157e6abe730bb1739d0aedfd2c75
2001 ME1,c4d_170505_013002_ooi_z_ls9.fits.fz,https://astroarchive.noirlab.edu/api/retrieve/c010510338208a6e787ad41264ea7c17
2001 ME1,c4d_170520_061744_ooi_z_v1.fits.fz,https://astroarchive.noirlab.edu/api/retrieve/c850cb119961490b86ea0908989bceef
2001 ME1,c4d_170520_061744_ooi_z_ls9.fits.fz,https://astroarchive.noirlab.edu/api/retrieve/fd7df9d8f1041e7ab9a82265ba90ef15
2001 ME1,c4d_170521_043939_ooi_g_v1.fits.fz,https://astroarchive.noirlab.edu/api/retrieve/22489de3eb6edad9b9ef63cc566ec64f
2001 ME1,c4d_170521_043939_ooi_g_ls9.fits.fz,https://astroarchive.noirlab.edu/api/retrieve/00449e823b3ebc3334dd9c728e4aaf5b
2001 ME1,c4d_170522_040405_ooi_r_v1.fits.fz,https://astroarchive.noirlab.edu/api/retrieve/0da59197091877c9add581be259697c6
2001 ME1,c4d_170522_040405_ooi_r_ls9.fits.fz,https://astroarchive.noirlab.edu/api/retrieve/2df70a3b32e69ef2096d7ffc4d227536
2001 ME1,c4d_170718_021916_ooi_g_v1.fits.fz,https://astroarchive.noirlab.edu/api/retrieve/9f46a8211fc9c83374f55c74be66411b
2001 ME1,c4d_170718_021916_ooi_g_ls9.fits.fz,https://astroarchive.noirlab.edu/api/retrieve/72fc37b119219fc73a2d246c898e780d
2001 ME1,c4d_170719_014116_ooi_g_v1.fits.fz,https://astroarchive.noirlab.edu/api/retrieve/c7e80cbf8e4b87f49b301dc69b1b34a2
2001 ME1,c4d_170719_014116_ooi_g_ls9.fits.fz,https://astroarchive.noirlab.edu/api/retrieve/9f0592d99a0d5e238737d1aa752a50aa
2001 ME1,c4d_170719_014311_ooi_r_v1.fits.fz,https://astroarchive.noirlab.edu/api/retrieve/02759f04bbfddea51cc7dc104297f79c
2001 ME1,c4d_170719_014311_ooi_r_ls9.fits.fz,https://astroarchive.noirlab.edu/api/retrieve/dbcab9991c0c1a1fd0aeb7875392616e
2001 ME1,c4d_180428_091950_ooi_z_v1.fits.fz,https://astroarchive.noirlab.edu/api/retrieve/e8feb9566584733829aabb128c5d53f2
2001 ME1,c4d_180428_091950_ooi_z_ls10.fits.fz,https://astroarchive.noirlab.edu/api/retrieve/7f441cd8a3c71d236227594624818c85
2001 ME1,c4d_180428_092118_ooi_z_v1.fits.fz,https://astroarchive.noirlab.edu/api/retrieve/e32aaead66521a2811bdebd237bb3e47
2001 ME1,c4d_180428_092118_ooi_z_ls10.fits.fz,https://astroarchive.noirlab.edu/api/retrieve/59ae24f86af818be534f8428e80bd7e7
2001 ME1,c4d_180428_092247_ooi_z_v1.fits.fz,https://astroarchive.noirlab.edu/api/retrieve/03f976799317ab65fbabf22aa88ebd91
2001 ME1,c4d_180428_092247_ooi_z_ls10.fits.fz,https://astroarchive.noirlab.edu/api/retrieve/884c50ebb4742ad44b398c38e076df98
2001 ME1,c4d_210327_073938_ooi_i_v1.fits.fz,https://astroarchive.noirlab.edu/api/retrieve/acf61227e92aecd2ce51a2a5ea97cc36
2001 ME1,c4d_210412_081007_ooi_i_v1.fits.fz,https://astroarchive.noirlab.edu/api/retrieve/786ca1ec3e5cc256520e8c42db4e24c7
2001 ME1,c4d_220503_081607_ooi_g_v1.fits.fz,https://astroarchive.noirlab.edu/api/retrieve/b32783442d0bac4d32dd11f4bbf5fb17
2001 ME1,c4d_220503_081607_ooi_g_yse.fits.fz,https://astroarchive.noirlab.edu/api/retrieve/f2b03731148fb2384e8218f464152007
2001 ME1,c4d_220503_082511_ooi_i_v1.fits.fz,https://astroarchive.noirlab.edu/api/retrieve/95de04f33498c4dd98e3e911ad28ff5b
2001 ME1,c4d_220503_082511_ooi_i_yse.fits.fz,https://astroarchive.noirlab.edu/api/retrieve/ddd558c0b947b688f61ee9ab414b1340
2001 ME1,c4d_220506_074739_ooi_g_v1.fits.fz,https://astroarchive.noirlab.edu/api/retrieve/49f8177a86f37ffd8659849b68de3f72
2001 ME1,c4d_220506_074739_ooi_g_yse.fits.fz,https://astroarchive.noirlab.edu/api/retrieve/30c15d5e93213ee84ce06935aaeef8d3
2001 ME1,c4d_220506_075641_ooi_r_v1.fits.fz,https://astroarchive.noirlab.edu/api/retrieve/a1e17f318d94ad555bccef4d6b5ea34a
2001 ME1,c4d_220506_075641_ooi_r_yse.fits.fz,https://astroarchive.noirlab.edu/api/retrieve/88fee05463500ba5bacb14c70efe4416
2001 ME1,c4d_220512_074927_ooi_r_v1.fits.fz,https://astroarchive.noirlab.edu/api/retrieve/6ddc237fccc00393d2c2e9040a34cafa
2001 ME1,c4d_220512_074927_ooi_r_yse.fits.fz,https://astroarchive.noirlab.edu/api/retrieve/5c0b07bc11a1a59647c4595ed31dc09b
2001 ME1,c4d_220512_082235_ooi_i_v1.fits.fz,https://astroarchive.noirlab.edu/api/retrieve/792b34a66720773384bb264930c9d9a1
2001 ME1,c4d_220512_082235_ooi_i_yse.fits.fz,https://astroarchive.noirlab.edu/api/retrieve/053975356e30fd9e1ae56da1e2f272a9
2001 ME1,c4d_220608_021540_ooi_g_v1.fits.fz,https://astroarchive.noirlab.edu/api/retrieve/8bea9fbd448b0df36243d172206a8481
2001 ME1,c4d_220608_021625_ooi_g_v1.fits.fz,https://astroarchive.noirlab.edu/api/retrieve/88935b6cfd6c35599de308bce6622e14
2001 ME1,c4d_220608_021707_ooi_r_v1.fits.fz,https://astroarchive.noirlab.edu/api/retrieve/7f58ffc8c65b52c6c51ab40ee2371fcf
2001 ME1,c4d_220608_021749_ooi_r_v1.fits.fz,https://astroarchive.noirlab.edu/api/retrieve/8e475fb7a9af1c8e8cef0ab3e935a6eb
2001 ME1,c4d_220608_021831_ooi_i_v1.fits.fz,https://astroarchive.noirlab.edu/api/retrieve/3ee6434263b77cc7fff6a0de0f73b288
2001 ME1,c4d_220608_021913_ooi_i_v1.fits.fz,https://astroarchive.noirlab.edu/api/retrieve/053dfc673c75abf3128e284f42f44808
2001 ME1,c4d_220608_021955_ooi_z_v1.fits.fz,https://astroarchive.noirlab.edu/api/retrieve/997c60558e04011c86bcc4aef6ad1cbd
2001 ME1,c4d_220609_060542_ooi_r_v1.fits.fz,https://astroarchive.noirlab.edu/api/retrieve/7457b617644ddabb9c4caab9bd34c371
2001 ME1,c4d_220609_060624_ooi_i_v1.fits.fz,https://astroarchive.noirlab.edu/api/retrieve/8409c259123f43d0fc93e2fb9bcc60f2
2001 ME1,c4d_220609_060707_ooi_z_v1.fits.fz,https://astroarchive.noirlab.edu/api/retrieve/c0fce91d102b02cd0710ffa201a042a0
2001 ME1,c4d_220613_060647_ooi_r_v1.fits.fz,https://astroarchive.noirlab.edu/api/retrieve/96c98f47a45692faba3ca284692b3eba
2001 ME1,c4d_220613_060731_ooi_i_v1.fits.fz,https://astroarchive.noirlab.edu/api/retrieve/d41f245f0c9d66958275ecd7a7d8ea72
2001 ME1,c4d_220613_060814_ooi_z_v1.fits.fz,https://astroarchive.noirlab.edu/api/retrieve/732006dd9b00b269f84e5263fd5768e8
2001 ME1,c4d_220614_001422_ooi_r_v1.fits.fz,https://astroarchive.noirlab.edu/api/retrieve/f3a9fdefe7cdd96a43f2e35a8b188184
2001 ME1,c4d_220614_001504_ooi_i_v1.fits.fz,https://astroarchive.noirlab.edu/api/retrieve/f6ffe5e4bdedc27c1eecc8c74a094100
2001 ME1,c4d_220614_001547_ooi_z_v1.fits.fz,https://astroarchive.noirlab.edu/api/retrieve/d7641514799f21f0417fc51c29c04d50
2005 UY6,934738o.fits.fz,https://ws.cadc-ccda.hia-iha.nrc-cnrc.gc.ca/data/pub/CFHT/934738o.fits.fz
2005 UY6,934750o.fits.fz,https://ws.cadc-ccda.hia-iha.nrc-cnrc.gc.ca/data/pub/CFHT/934750o.fits.fz
2005 UY6,934762o.fits.fz,https://ws.cadc-ccda.hia-iha.nrc-cnrc.gc.ca/data/pub/CFHT/934762o.fits.fz
2005 UY6,1729969p.fits.fz,https://ws.cadc-ccda.hia-iha.nrc-cnrc.gc.ca/data/pub/CFHT/1729969p.fits.fz
2005 UY6,1729970p.fits.fz,https://ws.cadc-ccda.hia-iha.nrc-cnrc.gc.ca/data/pub/CFHT/1729970p.fits.fz
2005 UY6,1729971p.fits.fz,https://ws.cadc-ccda.hia-iha.nrc-cnrc.gc.ca/data/pub/CFHT/1729971p.fits.fz
2005 UY6,c4d_150619_105142_ooi_i_v1.fits.fz,https://astroarchive.noirlab.edu/api/retrieve/a6df4c67cb27a974e9d123befbc6d47f
2005 UY6,c4d_150619_105142_ooi_i_ls11.fits.fz,https://astroarchive.noirlab.edu/api/retrieve/628faf93744badaba7f54997964df24f
2005 UY6,c4d_150619_105310_ooi_i_v1.fits.fz,https://astroarchive.noirlab.edu/api/retrieve/0a3def53e6dc18074b83d294d95678ea
2005 UY6,c4d_150619_105310_ooi_i_ls11.fits.fz,https://astroarchive.noirlab.edu/api/retrieve/cb2213e76021b283aaaf8445eb3f89a4
2005 UY6,c4d_150620_100101_ooi_i_v2.fits.fz,https://astroarchive.noirlab.edu/api/retrieve/5ee03fab45fd7295486af08d4a620753
2005 UY6,c4d_150620_100101_ooi_i_ls11.fits.fz,https://astroarchive.noirlab.edu/api/retrieve/0c1dce73aad72b530224d1ea5802b33b
2005 UY6,c4d_150620_102715_ooi_i_v2.fits.fz,https://astroarchive.noirlab.edu/api/retrieve/d42508a5e7306253d262bc7eb24e1149
2005 UY6,c4d_150620_102715_ooi_i_ls11.fits.fz,https://astroarchive.noirlab.edu/api/retrieve/361d9f55e7c70016de00c4768dff4030
2005 UY6,c4d_150620_102852_ooi_i_v2.fits.fz,https://astroarchive.noirlab.edu/api/retrieve/49b2b3d57cd608f25d8033a03ee42f8a
2005 UY6,c4d_150620_102852_ooi_i_ls11.fits.fz,https://astroarchive.noirlab.edu/api/retrieve/52c0ac71f2b9fcc247c8028149125f8f
2005 UY6,c4d_150626_091928_ooi_i_v1.fits.fz,https://astroarchive.noirlab.edu/api/retrieve/1b613478eaa35ae9279214b8d49a449d
2005 UY6,c4d_150626_091928_ooi_i_ls10.fits.fz,https://astroarchive.noirlab.edu/api/retrieve/fd00b3b120e1ad80ce9b2a57b579d814
2005 UY6,c4d_150626_101043_ooi_i_v1.fits.fz,https://astroarchive.noirlab.edu/api/retrieve/0d7ec52a9f55aa13fac194e37cb89ea1
2005 UY6,c4d_150626_101043_ooi_i_ls10.fits.fz,https://astroarchive.noirlab.edu/api/retrieve/14ed53651233189cfdcfe5c93d065bca
2005 UY6,c4d_151029_012826_ooi_z_v1.fits.fz,https://astroarchive.noirlab.edu/api/retrieve/c3ee3688c4c9190e686a3b76078caaa5
2005 UY6,c4d_151029_012826_ooi_z_ls9.fits.fz,https://astroarchive.noirlab.edu/api/retrieve/42c8967a650b84212822eb9819aadfb9
2005 UY6,c4d_151029_014317_ooi_z_v1.fits.fz,https://astroarchive.noirlab.edu/api/retrieve/e9e8d4788146bbc042e58f5728db32ea
2005 UY6,c4d_151029_014317_ooi_z_ls9.fits.fz,https://astroarchive.noirlab.edu/api/retrieve/5d81995f63fe0d087689299915b89b53
2005 UY6,c4d_170725_061733_ooi_g_v1.fits.fz,https://astroarchive.noirlab.edu/api/retrieve/38aa2e7259d4821d37bf5b6f865dbf42
2005 UY6,c4d_170725_061733_ooi_g_ls9.fits.fz,https://astroarchive.noirlab.edu/api/retrieve/07d9d179c1adcca1085d1cf8a8cfd066
2005 UY6,c4d_170921_005324_ooi_r_v1.fits.fz,https://astroarchive.noirlab.edu/api/retrieve/454d27d8fe8b473d03ff583975c8da35
2005 UY6,c4d_170921_005324_ooi_r_ls9.fits.fz,https://astroarchive.noirlab.edu/api/retrieve/0264fccc69a81e522ac5ab8a889084b4
2005 UY6,c4d_170922_005130_ooi_g_v1.fits.fz,https://astroarchive.noirlab.edu/api/retrieve/8576e94aabd537feecbe3f0c21b4109f
2005 UY6,c4d_170922_005130_ooi_g_ls9.fits.fz,https://astroarchive.noirlab.edu/api/retrieve/21b62d28c36db343e570a90ca0c5a8f8
2005 UY6,2301271p.fits.fz,https://ws.cadc-ccda.hia-iha.nrc-cnrc.gc.ca/data/pub/CFHT/2301271p.fits.fz
2005 UY6,2301272p.fits.fz,https://ws.cadc-ccda.hia-iha.nrc-cnrc.gc.ca/data/pub/CFHT/2301272p.fits.fz
2005 UY6,2301554p.fits.fz,https://ws.cadc-ccda.hia-iha.nrc-cnrc.gc.ca/data/pub/CFHT/2301554p.fits.fz
2005 UY6,2301560p.fits.fz,https://ws.cadc-ccda.hia-iha.nrc-cnrc.gc.ca/data/pub/CFHT/2301560p.fits.fz
2005 UY6,2301838p.fits.fz,https://ws.cadc-ccda.hia-iha.nrc-cnrc.gc.ca/data/pub/CFHT/2301838p.fits.fz
2005 UY6,c4d_180916_033500_ooi_z_v1.fits.fz,https://astroarchive.noirlab.edu/api/retrieve/c4bf658a09211cc582ae0213bff781c1
2005 UY6,c4d_180916_033500_ooi_z_ls9.fits.fz,https://astroarchive.noirlab.edu/api/retrieve/5910735899385b1cdb932c843e6256c0
2005 UY6,c4d_191104_000031_ooi_g_v1.fits.fz,https://astroarchive.noirlab.edu/api/retrieve/0e7dc5ffedd5a76fbf6815bcb18bfe2a
2005 UY6,c4d_191104_000420_ooi_r_v1.fits.fz,https://astroarchive.noirlab.edu/api/retrieve/a3911cb63846916e3e5dd22e732fd6f2
1998 FR11,800907o.fits.fz,https://ws.cadc-ccda.hia-iha.nrc-cnrc.gc.ca/data/pub/CFHT/800907o.fits.fz
1998 FR11,800908o.fits.fz,https://ws.cadc-ccda.hia-iha.nrc-cnrc.gc.ca/data/pub/CFHT/800908o.fits.fz
1998 FR11,800909o.fits.fz,https://ws.cadc-ccda.hia-iha.nrc-cnrc.gc.ca/data/pub/CFHT/800909o.fits.fz
1998 FR11,800910o.fits.fz,https://ws.cadc-ccda.hia-iha.nrc-cnrc.gc.ca/data/pub/CFHT/800910o.fits.fz
1998 FR11,1605077p.fits.fz,https://ws.cadc-ccda.hia-iha.nrc-cnrc.gc.ca/data/pub/CFHT/1605077p.fits.fz
1998 FR11,1605089p.fits.fz,https://ws.cadc-ccda.hia-iha.nrc-cnrc.gc.ca/data/pub/CFHT/1605089p.fits.fz
1998 FR11,1605101p.fits.fz,https://ws.cadc-ccda.hia-iha.nrc-cnrc.gc.ca/data/pub/CFHT/1605101p.fits.fz
1998 FR11,c4d_150110_052449_ooi_z_v1.fits.fz,https://astroarchive.noirlab.edu/api/retrieve/17804ece0e019879a56c7391cb086752
1998 FR11,c4d_150110_052449_ooi_z_ls9.fits.fz,https://astroarchive.noirlab.edu/api/retrieve/6c13fc73f4616cdf39902009a7a18a36
1998 FR11,c4d_160115_055009_ooi_r_v1.fits.fz,https://astroarchive.noirlab.edu/api/retrieve/2f6a44c652496730bc1bbc6e7ea98f2b
1998 FR11,c4d_160115_055009_ooi_r_ls9.fits.fz,https://astroarchive.noirlab.edu/api/retrieve/a0a0a7470210bae141210d6dba08f4e4
1998 FR11,c4d_160115_055159_ooi_g_v1.fits.fz,https://astroarchive.noirlab.edu/api/retrieve/28b4eddb11422ba99ea353a84f08fc9c
1998 FR11,c4d_160115_055159_ooi_g_ls9.fits.fz,https://astroarchive.noirlab.edu/api/retrieve/fe4ee0e28f0da42c584861a4f76b7bbd
1998 FR11,c4d_160115_055352_ooi_g_v1.fits.fz,https://astroarchive.noirlab.edu/api/retrieve/bbc681ba1e31d197564a1c90607e870f
1998 FR11,c4d_160115_055352_ooi_g_ls9.fits.fz,https://astroarchive.noirlab.edu/api/retrieve/8326200590a1709872eb55a4376b3a02
1998 FR11,c4d_160115_055507_ooi_r_v1.fits.fz,https://astroarchive.noirlab.edu/api/retrieve/bfd854cb08beb1f8d5ee7d3a36abd727
1998 FR11,c4d_160115_055507_ooi_r_ls9.fits.fz,https://astroarchive.noirlab.edu/api/retrieve/a3fd15efb5f009f2b33a2b7fd2fcbadb
1998 FR11,c4d_160115_055620_ooi_r_v1.fits.fz,https://astroarchive.noirlab.edu/api/retrieve/6c89b769a33d500d7740ac7818239c4b
1998 FR11,c4d_160115_055620_ooi_r_ls9.fits.fz,https://astroarchive.noirlab.edu/api/retrieve/31faf5d721c7c3660ceb8989e6a55662
1998 FR11,c4d_160115_055806_ooi_g_v1.fits.fz,https://astroarchive.noirlab.edu/api/retrieve/26c178521ea6efc85227006f785876d4
1998 FR11,c4d_160115_055806_ooi_g_ls9.fits.fz,https://astroarchive.noirlab.edu/api/retrieve/a9d81e14127a0768829d820e0aeeaa9f
1998 FR11,c4d_191210_075636_ooi_i_v1.fits.fz,https://astroarchive.noirlab.edu/api/retrieve/937c68cd389b4a74545d24b0831cde45
1998 FR11,c4d_200309_012216_ooi_z_v1.fits.fz,https://astroarchive.noirlab.edu/api/retrieve/a5f980bf4fa4196f749fabcde215b09d
1998 FR11,c4d_200309_012406_ooi_z_v1.fits.fz,https://astroarchive.noirlab.edu/api/retrieve/d1f89ea05910f0603de6b1e26cf62b4f
1998 FR11,c4d_200314_011123_ooi_g_v1.fits.fz,https://astroarchive.noirlab.edu/api/retrieve/6124875bd2becf681720b47a03783fa2
1998 FR11,c4d_200314_011222_ooi_r_v1.fits.fz,https://astroarchive.noirlab.edu/api/retrieve/e3e791e93f807232e05d7029bcffe01a
1998 FR11,c4d_200317_023057_ooi_r_v1.fits.fz,https://astroarchive.noirlab.edu/api/retrieve/eadf03811c9b4e9084c35be61930639a
1998 FR11,c4d_200317_023245_ooi_r_v1.fits.fz,https://astroarchive.noirlab.edu/api/retrieve/7bac5c4ac870f14ae45d7639a119f7a5
1998 FR11,c4d_200317_023617_ooi_r_v1.fits.fz,https://astroarchive.noirlab.edu/api/retrieve/e72035c1407ef9d8321558980a2b7371
2015 WN1,838697o.fits.fz,https://ws.cadc-ccda.hia-iha.nrc-cnrc.gc.ca/data/pub/CFHT/838697o.fits.fz
2015 WN1,838698p.fits.fz,https://ws.cadc-ccda.hia-iha.nrc-cnrc.gc.ca/data/pub/CFHT/838698p.fits.fz
2015 WN1,838699p.fits.fz,https://ws.cadc-ccda.hia-iha.nrc-cnrc.gc.ca/data/pub/CFHT/838699p.fits.fz
2015 WN1,dec065320.fits.fz,https://astroarchive.noirlab.edu/api/retrieve/feb50e88cde5d21136c4497996805ee0
2015 WN1,tu1704332.fits.fz,https://astroarchive.noirlab.edu/api/retrieve/266fa43391e1570e57fa6194662db0eb
2015 WN1,c4d_130401_030115_ooi_z_v1.fits.fz,https://astroarchive.noirlab.edu/api/retrieve/2f4109cba400d0c5cbc05f96c860ecd5
2015 WN1,c4d_130401_030115_ooi_z_ls11.fits.fz,https://astroarchive.noirlab.edu/api/retrieve/b5c7d717aa49a509fb4e1b746a5b0680
2015 WN1,1778492p.fits.fz,https://ws.cadc-ccda.hia-iha.nrc-cnrc.gc.ca/data/pub/CFHT/1778492p.fits.fz
2015 WN1,c4d_150130_083250_ooi_VR_v1.fits.fz,https://astroarchive.noirlab.edu/api/retrieve/ee5ae47a29599974b2e5a55de0e80721
2015 WN1,c4d_150130_083548_ooi_VR_v1.fits.fz,https://astroarchive.noirlab.edu/api/retrieve/d6d0fa66d99848b7d472cc9d5b55d5cf
2015 WN1,c4d_150224_053828_ooi_VR_v1.fits.fz,https://astroarchive.noirlab.edu/api/retrieve/805c10275b0abc3af73a52e5380b7157
2015 WN1,c4d_150224_054128_ooi_VR_v1.fits.fz,https://astroarchive.noirlab.edu/api/retrieve/fca3dd2cf20efb119c45d455347d60d7
2015 WN1,c4d_150224_054422_ooi_VR_v1.fits.fz,https://astroarchive.noirlab.edu/api/retrieve/8e3b6aa964b4e01df7bb085675488be5
2015 WN1,c4d_150520_000639_ooi_VR_v4.fits.fz,https://astroarchive.noirlab.edu/api/retrieve/3d8284838cd485c9c592e97ab0ed0e9c
2015 WN1,c4d_150520_001113_ooi_VR_v4.fits.fz,https://astroarchive.noirlab.edu/api/retrieve/8be2088c324ecf7b8c7751301e343daf
2015 WN1,c4d_150520_001555_ooi_VR_v4.fits.fz,https://astroarchive.noirlab.edu/api/retrieve/b336dbe47baa01ebf191e9f7dcf90e4b
2015 WN1,c4d_150520_002029_ooi_VR_v4.fits.fz,https://astroarchive.noirlab.edu/api/retrieve/6b8ee8156eb82f19fe1c3157c26a7721
2015 WN1,c4d_150520_002504_ooi_VR_v4.fits.fz,https://astroarchive.noirlab.edu/api/retrieve/6d8f86a8b6e4e7266a61d9d3be60fca6
2015 WN1,c4d_150521_001504_ooi_VR_v1.fits.fz,https://astroarchive.noirlab.edu/api/retrieve/91464d21da117606d83f19e7c47c0e9c
2015 WN1,c4d_150521_001614_ooi_VR_v1.fits.fz,https://astroarchive.noirlab.edu/api/retrieve/521670ef8a903b1b1d6f49603d06deb2
2015 WN1,c4d_150521_001937_ooi_VR_v1.fits.fz,https://astroarchive.noirlab.edu/api/retrieve/138529a469618509658378d90d004e10
2015 WN1,c4d_150521_002047_ooi_VR_v1.fits.fz,https://astroarchive.noirlab.edu/api/retrieve/c2febd90266f1fdfecf036ae141e9549
2015 WN1,c4d_150521_002415_ooi_VR_v1.fits.fz,https://astroarchive.noirlab.edu/api/retrieve/bb8f747d9dd1494b3380bcf10b9c96eb
2015 WN1,c4d_150521_002524_ooi_VR_v1.fits.fz,https://astroarchive.noirlab.edu/api/retrieve/23b46945baabd297488f613bcfbec471
2015 WN1,c4d_150521_002853_ooi_VR_v1.fits.fz,https://astroarchive.noirlab.edu/api/retrieve/b99af84d5ad6b4a05e1eedfb77b661a3
2015 WN1,c4d_150521_003004_ooi_VR_v1.fits.fz,https://astroarchive.noirlab.edu/api/retrieve/2006a1ac293cbe580486996292dc93b0
2015 WN1,c4d_150521_003331_ooi_VR_v1.fits.fz,https://astroarchive.noirlab.edu/api/retrieve/1611f61f8a741cd657080bf091498ada
2015 WN1,c4d_150521_003442_ooi_VR_v1.fits.fz,https://astroarchive.noirlab.edu/api/retrieve/67fb3745809a4edc0728a2447cdd5d47
2015 WN1,c4d_150522_001931_ooi_VR_v1.fits.fz,https://astroarchive.noirlab.edu/api/retrieve/d3f0363f1736105ce894e8b421341e65
2015 WN1,c4d_150522_002412_ooi_VR_v1.fits.fz,https://astroarchive.noirlab.edu/api/retrieve/758d08fe19de9e12aa82737535fa3a4c
2015 WN1,c4d_150522_002848_ooi_VR_v1.fits.fz,https://astroarchive.noirlab.edu/api/retrieve/42b744718d9e5f0ca67cf4a9a44ad7de
2015 WN1,c4d_150522_003333_ooi_VR_v1.fits.fz,https://astroarchive.noirlab.edu/api/retrieve/165cfbe47fd0c2653283251099105b08
2015 WN1,c4d_150522_003811_ooi_VR_v1.fits.fz,https://astroarchive.noirlab.edu/api/retrieve/7739f9286e97312652cba2bf67770a94
2015 WN1,c4d_150523_000536_ooi_VR_v1.fits.fz,https://astroarchive.noirlab.edu/api/retrieve/8cb6cb68952c0657360422eceadbbb2b
2015 WN1,c4d_150523_001015_ooi_VR_v1.fits.fz,https://astroarchive.noirlab.edu/api/retrieve/8b86c565ff14ce01d56f40d0826f602b
2015 WN1,c4d_150523_001454_ooi_VR_v1.fits.fz,https://astroarchive.noirlab.edu/api/retrieve/f80297810bd61275dd52fdf2561450aa
2015 WN1,c4d_150523_001937_ooi_VR_v1.fits.fz,https://astroarchive.noirlab.edu/api/retrieve/4d371be6e92b9c598cc15ef7fd1171b5
2015 WN1,c4d_150523_002410_ooi_VR_v1.fits.fz,https://astroarchive.noirlab.edu/api/retrieve/16654eb6179f142bacdadb567f1556f9
2015 WN1,c4d_150524_000338_ooi_VR_v1.fits.fz,https://astroarchive.noirlab.edu/api/retrieve/c73ccd9be3ee823cfddc054a6e82465e
2015 WN1,c4d_150524_000815_ooi_VR_v1.fits.fz,https://astroarchive.noirlab.edu/api/retrieve/ffc088487c77eb17a561be0a1224ac89
2015 WN1,c4d_150524_001255_ooi_VR_v1.fits.fz,https://astroarchive.noirlab.edu/api/retrieve/71d3bda20172f720659eb137cbb8c809
2015 WN1,c4d_150524_001728_ooi_VR_v1.fits.fz,https://astroarchive.noirlab.edu/api/retrieve/8f9eb55bd7a04b39076907680742aeb3
2015 WN1,c4d_150524_002210_ooi_VR_v1.fits.fz,https://astroarchive.noirlab.edu/api/retrieve/646170c39e65d594e46a4a03f9c0e54f
2015 WN1,c4d_150708_005342_ooi_i_v1.fits.fz,https://astroarchive.noirlab.edu/api/retrieve/82eeb0678e13a4c748fd0cfc3f67ed6b
2015 WN1,c4d_150708_005342_ooi_i_ls10.fits.fz,https://astroarchive.noirlab.edu/api/retrieve/482416c191e8eb93a583ea06e38d37d1
2015 WN1,c4d_150708_011651_ooi_i_v1.fits.fz,https://astroarchive.noirlab.edu/api/retrieve/960a3bd51c6b0d480dfd523518096df8
2015 WN1,c4d_150708_011651_ooi_i_ls10.fits.fz,https://astroarchive.noirlab.edu/api/retrieve/e1c733132e18552afa986e88920cee96
2015 WN1,1828261p.fits.fz,https://ws.cadc-ccda.hia-iha.nrc-cnrc.gc.ca/data/pub/CFHT/1828261p.fits.fz
2015 WN1,c4d_180222_075300_ooi_r_v1.fits.fz,https://astroarchive.noirlab.edu/api/retrieve/f550958b878472630bfe9c31e4532f99
2015 WN1,c4d_180222_075300_ooi_r_ls9.fits.fz,https://astroarchive.noirlab.edu/api/retrieve/4d5d6ac0093501bc0fc7d73dbb70bf08
2015 WN1,c4d_180222_075410_ooi_g_v1.fits.fz,https://astroarchive.noirlab.edu/api/retrieve/5f240c0e76223009e0647dd54056619c
2015 WN1,c4d_180222_075410_ooi_g_ls9.fits.fz,https://astroarchive.noirlab.edu/api/retrieve/5c297fc2ee961b859993b0965b1c30c7
2015 WN1,c4d_200204_083031_ooi_r_v1.fits.fz,https://astroarchive.noirlab.edu/api/retrieve/1459f194b2524e6ba974b30caee415c7
2015 WN1,c4d_200210_083829_ooi_z_v1.fits.fz,https://astroarchive.noirlab.edu/api/retrieve/5f4919cb52eb64ce6470d065713e1815
2015 WN1,c4d_200210_084048_ooi_z_v1.fits.fz,https://astroarchive.noirlab.edu/api/retrieve/17ac00261319cd2935fe4a0afa6b98ec
2015 WN1,c4d_210522_233925_ooi_i_v1.fits.fz,https://astroarchive.noirlab.edu/api/retrieve/72611943b19d13bc798134147aabe0cc
2015 WN1,c4d_220121_085845_ooi_r_v1.fits.fz,https://astroarchive.noirlab.edu/api/retrieve/746bec2a6288c44de60f2fcf236db4f9
2015 WN1,c4d_220121_090040_ooi_r_v1.fits.fz,https://astroarchive.noirlab.edu/api/retrieve/fbd3ded69500c14b96ccb138d6293c01
2015 WN1,c4d_220121_090352_ooi_r_v1.fits.fz,https://astroarchive.noirlab.edu/api/retrieve/889072508aee2695654c980486091760
2015 WN1,c4d_220121_090449_ooi_r_v1.fits.fz,https://astroarchive.noirlab.edu/api/retrieve/687c37552652b4eeb3802c9572b0c659
2015 WN1,c4d_220121_090546_ooi_r_v1.fits.fz,https://astroarchive.noirlab.edu/api/retrieve/eec86f44b67e886eaba25b697958a479
2015 WN1,c4d_220121_090643_ooi_r_v1.fits.fz,https://astroarchive.noirlab.edu/api/retrieve/540082b7c3bd6d491ab8d21242d12b01
2015 WN1,c4d_220121_090741_ooi_r_v1.fits.fz,https://astroarchive.noirlab.edu/api/retrieve/e83fc662326432202561bde51da3960d
2015 WN1,c4d_220121_090838_ooi_r_v1.fits.fz,https://astroarchive.noirlab.edu/api/retrieve/ec64ab4755951c6aeb00c4afb97f39cb
2015 WN1,c4d_220121_090935_ooi_r_v1.fits.fz,https://astroarchive.noirlab.edu/api/retrieve/907f4a40efe4be698f9800bd31cf5b00
2016 GW221,c4d_150612_225347_ooi_i_v1.fits.fz,https://astroarchive.noirlab.edu/api/retrieve/50f3f325795b4679a34d796a48dcbab6
2016 GW221,c4d_150612_225347_ooi_i_ls10.fits.fz,https://astroarchive.noirlab.edu/api/retrieve/f12f427c5cf73280cb37460362d8d1ec
2016 GW221,c4d_150615_225126_ooi_i_v1.fits.fz,https://astroarchive.noirlab.edu/api/retrieve/b6fedb47535e4b4745dca84a234ff023
2016 GW221,c4d_150615_225126_ooi_i_ls10.fits.fz,https://astroarchive.noirlab.edu/api/retrieve/bce6de04e67576bcc4e8baf6e59eb443
2016 GW221,c4d_150624_225922_ooi_VR_v1.fits.fz,https://astroarchive.noirlab.edu/api/retrieve/64c095ce6fb167976bbbd3bf38a29d25
2016 GW221,c4d_150624_230022_ooi_VR_v1.fits.fz,https://astroarchive.noirlab.edu/api/retrieve/7c4163c0409a546e4fbb1857375c3fd8
2016 GW221,c4d_150624_230119_ooi_VR_v1.fits.fz,https://astroarchive.noirlab.edu/api/retrieve/809e660be02973eb906fcbc9e9e2d7b1
2016 GW221,c4d_150624_230221_ooi_VR_v1.fits.fz,https://astroarchive.noirlab.edu/api/retrieve/17b91ad6bee31e861db279290aee6336
2016 GW221,c4d_150624_230318_ooi_VR_v1.fits.fz,https://astroarchive.noirlab.edu/api/retrieve/84310863809940fdfdc4b6e2e47b008d
2016 GW221,c4d_150624_230419_ooi_VR_v1.fits.fz,https://astroarchive.noirlab.edu/api/retrieve/b48693264f657b77ffa37e5a6e09ba96
2016 GW221,c4d_150624_230516_ooi_VR_v1.fits.fz,https://astroarchive.noirlab.edu/api/retrieve/2d7d79a582d0d36c98ffd3d7818d6c0d
2016 GW221,c4d_150624_230617_ooi_VR_v1.fits.fz,https://astroarchive.noirlab.edu/api/retrieve/8f8dcfa66d798f8ae55c63e569d10e29
2016 GW221,c4d_150624_230716_ooi_VR_v1.fits.fz,https://astroarchive.noirlab.edu/api/retrieve/9946b4d878d1e8328141d853dc44606d
2016 GW221,c4d_150624_230813_ooi_VR_v1.fits.fz,https://astroarchive.noirlab.edu/api/retrieve/b444b9107351bdddeee3e4506483911f
2016 GW221,c4d_150624_230915_ooi_VR_v1.fits.fz,https://astroarchive.noirlab.edu/api/retrieve/2d288c0dceef7abf07ce71703bda2445
2016 GW221,c4d_150624_231013_ooi_VR_v1.fits.fz,https://astroarchive.noirlab.edu/api/retrieve/bb75c2fe219c2ba5d7911d3b9ce094d8
2016 GW221,c4d_150624_231110_ooi_VR_v1.fits.fz,https://astroarchive.noirlab.edu/api/retrieve/02f9a064737933a95d6724129c817aeb
2016 GW221,c4d_150624_231211_ooi_VR_v1.fits.fz,https://astroarchive.noirlab.edu/api/retrieve/890a77bd8acdbe14944764a251b3c8a0
2016 GW221,c4d_150624_231310_ooi_VR_v1.fits.fz,https://astroarchive.noirlab.edu/api/retrieve/16364ad68669e62b5c499f9eb2fcb1fe
2016 GW221,c4d_150624_231408_ooi_VR_v1.fits.fz,https://astroarchive.noirlab.edu/api/retrieve/966149106f504addf5206d999c9ca08b
2016 GW221,c4d_150624_231506_ooi_VR_v1.fits.fz,https://astroarchive.noirlab.edu/api/retrieve/46e0342e0029001d188a888b3401d662
2016 GW221,c4d_150624_231604_ooi_VR_v1.fits.fz,https://astroarchive.noirlab.edu/api/retrieve/bd6a34db39de8c12d4b45af58f914d60
2016 GW221,c4d_150901_233102_ooi_i_v1.fits.fz,https://astroarchive.noirlab.edu/api/retrieve/9d9d6e414ad43265ab9e35819ca0b689
2016 GW221,c4d_150901_233102_ooi_i_ls10.fits.fz,https://astroarchive.noirlab.edu/api/retrieve/166d68c84bee192ccd35ef5eb6007052
2016 GW221,c4d_150902_235228_ooi_i_v1.fits.fz,https://astroarchive.noirlab.edu/api/retrieve/a0a6edf1693fa6d3dcb6811d349733ab
2016 GW221,c4d_150902_235228_ooi_i_ls10.fits.fz,https://astroarchive.noirlab.edu/api/retrieve/46041da925decb9fc75d267f4c69d88e
2016 GW221,c4d_160514_011348_ooi_g_v1.fits.fz,https://astroarchive.noirlab.edu/api/retrieve/c3b4bad3df06f01a3ce8dc9e75428e4b
2016 GW221,c4d_160514_011348_ooi_g_ls10.fits.fz,https://astroarchive.noirlab.edu/api/retrieve/bd780ac05822e06ba8353b446ef37e7c
2016 GW221,c4d_160514_011609_ooi_r_v1.fits.fz,https://astroarchive.noirlab.edu/api/retrieve/f32527626e2f478eebfa79f6c99af7b6
2016 GW221,c4d_160514_011609_ooi_r_ls10.fits.fz,https://astroarchive.noirlab.edu/api/retrieve/c4349da0c7cef4dc7b13565cd5dc612b
2016 GW221,c4d_160514_021009_ooi_g_v1.fits.fz,https://astroarchive.noirlab.edu/api/retrieve/d47bd60209f9af5b85053b812623726f
2016 GW221,c4d_160514_021009_ooi_g_ls10.fits.fz,https://astroarchive.noirlab.edu/api/retrieve/0a72d7d5c56e23bbfa5292ba04b9b228
2016 GW221,c4d_160514_021242_ooi_r_v1.fits.fz,https://astroarchive.noirlab.edu/api/retrieve/c61ab75d86bcfc68d32fb0fa62900781
2016 GW221,c4d_160514_021242_ooi_r_ls10.fits.fz,https://astroarchive.noirlab.edu/api/retrieve/2449c0f9eefcea57deb16c35af22d180
2016 GW221,c4d_160515_002125_ooi_g_v1.fits.fz,https://astroarchive.noirlab.edu/api/retrieve/5b5613409860106a3a012bd4deae8aa9
2016 GW221,c4d_160515_002125_ooi_g_ls10.fits.fz,https://astroarchive.noirlab.edu/api/retrieve/cf66ffe40f2c3df2405b0c59037dff93
2016 GW221,c4d_160515_002346_ooi_r_v1.fits.fz,https://astroarchive.noirlab.edu/api/retrieve/e885f3c9b1aab1b142680f6c77e530e3
2016 GW221,c4d_160515_002346_ooi_r_ls10.fits.fz,https://astroarchive.noirlab.edu/api/retrieve/1ddd509488f16ef347c78c289db6ebeb
2016 GW221,c4d_220625_003352_ooi_g_v1.fits.fz,https://astroarchive.noirlab.edu/api/retrieve/49c364d9117bf335589d6beab2793468
2016 GW221,c4d_220625_003352_ooi_g_yse.fits.fz,https://astroarchive.noirlab.edu/api/retrieve/985cfd3952b06e421fe6b0d70d494066
2016 GW221,c4d_220625_004227_ooi_r_v1.fits.fz,https://astroarchive.noirlab.edu/api/retrieve/20f7069e39f218447fa8c5793bb3649b
2016 GW221,c4d_220625_004227_ooi_r_yse.fits.fz,https://astroarchive.noirlab.edu/api/retrieve/89fbcf733862074b3fcb11de60cd7ee7
2012 BB14,dec013189.fits.fz,https://astroarchive.noirlab.edu/api/retrieve/735391e86a63c3ad32586c919c0c2181
2012 BB14,c4d_121003_043200_ooi_r_a1.fits.fz,https://astroarchive.noirlab.edu/api/retrieve/1e296f00348276d01b2befde9106be6e
2012 BB14,c4d_121003_043200_ooi_r_ls11.fits.fz,https://astroarchive.noirlab.edu/api/retrieve/eee7cf2722758dcc94de2d1781d15ace
2012 BB14,c4d_150902_233815_ooi_i_v1.fits.fz,https://astroarchive.noirlab.edu/api/retrieve/a9864f133b64ab7a54393ae1d4e1ec74
2012 BB14,c4d_150902_233815_ooi_i_ls10.fits.fz,https://astroarchive.noirlab.edu/api/retrieve/157c6871f8a6cfb5733da6b25d6b6cb2
2012 BB14,c4d_211110_083831_ooi_g_v1.fits.fz,https://astroarchive.noirlab.edu/api/retrieve/9a1806f9dd58141f8a72fd7c75af6f1b
2012 BB14,c4d_211110_083913_ooi_r_v1.fits.fz,https://astroarchive.noirlab.edu/api/retrieve/c31bf521a7ca62adbb79e3eab9f8453b
2012 BB14,2760899p.fits.fz,https://ws.cadc-ccda.hia-iha.nrc-cnrc.gc.ca/data/pub/CFHT/2760899p.fits.fz
2012 BB14,2760900p.fits.fz,https://ws.cadc-ccda.hia-iha.nrc-cnrc.gc.ca/data/pub/CFHT/2760900p.fits.fz
2012 BB14,2760901p.fits.fz,https://ws.cadc-ccda.hia-iha.nrc-cnrc.gc.ca/data/pub/CFHT/2760901p.fits.fz
2012 BB14,2761159p.fits.fz,https://ws.cadc-ccda.hia-iha.nrc-cnrc.gc.ca/data/pub/CFHT/2761159p.fits.fz
2012 BB14,2761160p.fits.fz,https://ws.cadc-ccda.hia-iha.nrc-cnrc.gc.ca/data/pub/CFHT/2761160p.fits.fz
2012 BB14,2761161p.fits.fz,https://ws.cadc-ccda.hia-iha.nrc-cnrc.gc.ca/data/pub/CFHT/2761161p.fits.fz
2012 BB14,c4d_220616_090915_ooi_g_v1.fits.fz,https://astroarchive.noirlab.edu/api/retrieve/59026d5af1d1e3ab506da771f090b3f1
2012 BB14,c4d_220616_090915_ooi_g_yse.fits.fz,https://astroarchive.noirlab.edu/api/retrieve/5a8cca1f0d496895bb406ad3519eca57
2012 BB14,c4d_220616_091814_ooi_r_v1.fits.fz,https://astroarchive.noirlab.edu/api/retrieve/d63d6975a1c0fde8533819bc010a6dae
2012 BB14,c4d_220616_091814_ooi_r_yse.fits.fz,https://astroarchive.noirlab.edu/api/retrieve/42f65cd093e8b138be2b91358a90c3eb
2011 BT15,780076p.fits.fz,https://ws.cadc-ccda.hia-iha.nrc-cnrc.gc.ca/data/pub/CFHT/780076p.fits.fz
2011 BT15,780080p.fits.fz,https://ws.cadc-ccda.hia-iha.nrc-cnrc.gc.ca/data/pub/CFHT/780080p.fits.fz
2011 BT15,780084p.fits.fz,https://ws.cadc-ccda.hia-iha.nrc-cnrc.gc.ca/data/pub/CFHT/780084p.fits.fz
2011 BT15,931416p.fits.fz,https://ws.cadc-ccda.hia-iha.nrc-cnrc.gc.ca/data/pub/CFHT/931416p.fits.fz
2011 BT15,931431p.fits.fz,https://ws.cadc-ccda.hia-iha.nrc-cnrc.gc.ca/data/pub/CFHT/931431p.fits.fz
2011 BT15,931446p.fits.fz,https://ws.cadc-ccda.hia-iha.nrc-cnrc.gc.ca/data/pub/CFHT/931446p.fits.fz
2011 BT15,934657p.fits.fz,https://ws.cadc-ccda.hia-iha.nrc-cnrc.gc.ca/data/pub/CFHT/934657p.fits.fz
2011 BT15,934959p.fits.fz,https://ws.cadc-ccda.hia-iha.nrc-cnrc.gc.ca/data/pub/CFHT/934959p.fits.fz
2011 BT15,935263p.fits.fz,https://ws.cadc-ccda.hia-iha.nrc-cnrc.gc.ca/data/pub/CFHT/935263p.fits.fz
2011 BT15,1630213p.fits.fz,https://ws.cadc-ccda.hia-iha.nrc-cnrc.gc.ca/data/pub/CFHT/1630213p.fits.fz
2011 BT15,1630214p.fits.fz,https://ws.cadc-ccda.hia-iha.nrc-cnrc.gc.ca/data/pub/CFHT/1630214p.fits.fz
2011 BT15,1630215p.fits.fz,https://ws.cadc-ccda.hia-iha.nrc-cnrc.gc.ca/data/pub/CFHT/1630215p.fits.fz
2011 BT15,1630216p.fits.fz,https://ws.cadc-ccda.hia-iha.nrc-cnrc.gc.ca/data/pub/CFHT/1630216p.fits.fz
2011 BT15,1630217p.fits.fz,https://ws.cadc-ccda.hia-iha.nrc-cnrc.gc.ca/data/pub/CFHT/1630217p.fits.fz
2011 BT15,1630218p.fits.fz,https://ws.cadc-ccda.hia-iha.nrc-cnrc.gc.ca/data/pub/CFHT/1630218p.fits.fz
2011 BT15,1630219p.fits.fz,https://ws.cadc-ccda.hia-iha.nrc-cnrc.gc.ca/data/pub/CFHT/1630219p.fits.fz
2011 BT15,1630220p.fits.fz,https://ws.cadc-ccda.hia-iha.nrc-cnrc.gc.ca/data/pub/CFHT/1630220p.fits.fz
2011 BT15,1630221p.fits.fz,https://ws.cadc-ccda.hia-iha.nrc-cnrc.gc.ca/data/pub/CFHT/1630221p.fits.fz
2011 BT15,1630892p.fits.fz,https://ws.cadc-ccda.hia-iha.nrc-cnrc.gc.ca/data/pub/CFHT/1630892p.fits.fz
2011 BT15,1630893p.fits.fz,https://ws.cadc-ccda.hia-iha.nrc-cnrc.gc.ca/data/pub/CFHT/1630893p.fits.fz
2011 BT15,1630894p.fits.fz,https://ws.cadc-ccda.hia-iha.nrc-cnrc.gc.ca/data/pub/CFHT/1630894p.fits.fz
2011 BT15,c4d_170317_054556_ooi_z_v1.fits.fz,https://astroarchive.noirlab.edu/api/retrieve/3c1cb36d6146db655698baad01f33d15
2011 BT15,c4d_170317_054556_ooi_z_ls9.fits.fz,https://astroarchive.noirlab.edu/api/retrieve/5471375c98426d2d703f94429f347597
2011 BT15,c4d_170317_054750_ooi_z_v1.fits.fz,https://astroarchive.noirlab.edu/api/retrieve/38e5c44b8a48e79137af533d5931e664
2011 BT15,c4d_170317_054750_ooi_z_ls9.fits.fz,https://astroarchive.noirlab.edu/api/retrieve/c222dd73526db992f00cb62df74adec1
2011 BT15,c4d_170327_041244_ooi_g_v1.fits.fz,https://astroarchive.noirlab.edu/api/retrieve/289b0d552aef351161aaa03ebbfae842
2011 BT15,c4d_170327_041244_ooi_g_ls9.fits.fz,https://astroarchive.noirlab.edu/api/retrieve/975550892362cf33efadafb9c27b8011
2011 BT15,c4d_170330_025958_ooi_r_v1.fits.fz,https://astroarchive.noirlab.edu/api/retrieve/cbab2bcd582c6a35169d743c597187ba
2011 BT15,c4d_170330_025958_ooi_r_ls9.fits.fz,https://astroarchive.noirlab.edu/api/retrieve/54d1f6864ef722f4bbee6a1558637b08
2011 BT15,c4d_170401_024110_ooi_g_v1.fits.fz,https://astroarchive.noirlab.edu/api/retrieve/37f8c3440e5f1c8b46bb08d2924e9625
2011 BT15,c4d_170401_024110_ooi_g_ls9.fits.fz,https://astroarchive.noirlab.edu/api/retrieve/f5bd1ef5ec6456bb1a006a0bd483f3dd
2011 BT15,c4d_170519_235837_ooi_r_v1.fits.fz,https://astroarchive.noirlab.edu/api/retrieve/4a78cafb8b820c7be1a91910e6ffb66e
2011 BT15,c4d_170519_235837_ooi_r_ls9.fits.fz,https://astroarchive.noirlab.edu/api/retrieve/333ad0d057e04e94441b2a1cffa50ef1
2011 BT15,c4d_200202_084226_ooi_z_v1.fits.fz,https://astroarchive.noirlab.edu/api/retrieve/16250de6b2f837065127a714cc156ed8
2011 BT15,2488682p.fits.fz,https://ws.cadc-ccda.hia-iha.nrc-cnrc.gc.ca/data/pub/CFHT/2488682p.fits.fz
2011 BT15,2488683p.fits.fz,https://ws.cadc-ccda.hia-iha.nrc-cnrc.gc.ca/data/pub/CFHT/2488683p.fits.fz
2011 BT15,2488684p.fits.fz,https://ws.cadc-ccda.hia-iha.nrc-cnrc.gc.ca/data/pub/CFHT/2488684p.fits.fz
2011 BT15,2488685p.fits.fz,https://ws.cadc-ccda.hia-iha.nrc-cnrc.gc.ca/data/pub/CFHT/2488685p.fits.fz
2011 BT15,2488686p.fits.fz,https://ws.cadc-ccda.hia-iha.nrc-cnrc.gc.ca/data/pub/CFHT/2488686p.fits.fz
2011 BT15,2488687p.fits.fz,https://ws.cadc-ccda.hia-iha.nrc-cnrc.gc.ca/data/pub/CFHT/2488687p.fits.fz
2011 BT15,2488688p.fits.fz,https://ws.cadc-ccda.hia-iha.nrc-cnrc.gc.ca/data/pub/CFHT/2488688p.fits.fz
2011 BT15,2488689p.fits.fz,https://ws.cadc-ccda.hia-iha.nrc-cnrc.gc.ca/data/pub/CFHT/2488689p.fits.fz
2011 BT15,c4d_220619_090143_ooi_r_v1.fits.fz,https://astroarchive.noirlab.edu/api/retrieve/366e4fab6e8d7dea8a73cbb4d2faad0f
2011 BT15,c4d_220619_090143_ooi_r_yse.fits.fz,https://astroarchive.noirlab.edu/api/retrieve/70e3225e3fb6accc16438c1c34ff76c3
2011 BT15,c4d_220619_091122_ooi_i_v1.fits.fz,https://astroarchive.noirlab.edu/api/retrieve/68450b920c1e3ca327089f176a66e949
2011 BT15,c4d_220619_091122_ooi_i_yse.fits.fz,https://astroarchive.noirlab.edu/api/retrieve/c807690b48f34ef06073b10dfef7cac8
2011 BT15,c4d_220620_092830_ooi_i_v1.fits.fz,https://astroarchive.noirlab.edu/api/retrieve/ec7dad1b8293a208278bdb3547317cea
2011 BT15,c4d_220620_092830_ooi_i_yse.fits.fz,https://astroarchive.noirlab.edu/api/retrieve/11f342218155354c430dc0bf8d57447e
2011 BT15,c4d_220620_093721_ooi_z_v1.fits.fz,https://astroarchive.noirlab.edu/api/retrieve/13fe680622d16fe2827c16127a02da8f
2011 BT15,c4d_220620_093721_ooi_z_yse.fits.fz,https://astroarchive.noirlab.edu/api/retrieve/1f80a98e24f6cf7c9233da945119a3e6
1989 UP,849797p.fits.fz,https://ws.cadc-ccda.hia-iha.nrc-cnrc.gc.ca/data/pub/CFHT/849797p.fits.fz
1989 UP,849815p.fits.fz,https://ws.cadc-ccda.hia-iha.nrc-cnrc.gc.ca/data/pub/CFHT/849815p.fits.fz
1989 UP,849816p.fits.fz,https://ws.cadc-ccda.hia-iha.nrc-cnrc.gc.ca/data/pub/CFHT/849816p.fits.fz
1989 UP,849836p.fits.fz,https://ws.cadc-ccda.hia-iha.nrc-cnrc.gc.ca/data/pub/CFHT/849836p.fits.fz
1989 UP,849980p.fits.fz,https://ws.cadc-ccda.hia-iha.nrc-cnrc.gc.ca/data/pub/CFHT/849980p.fits.fz
1989 UP,dec046555.fits.fz,https://astroarchive.noirlab.edu/api/retrieve/08c7fdd7136e792d0daef2d44380a279
1989 UP,tu1902497.fits.fz,https://astroarchive.noirlab.edu/api/retrieve/7f31575c64e3a910e1d2fbf8cda9638e
1989 UP,c4d_130131_080248_ooi_z_v1.fits.fz,https://astroarchive.noirlab.edu/api/retrieve/7192f099d403f3523ffb36e1c06a3444
1989 UP,dec046556.fits.fz,https://astroarchive.noirlab.edu/api/retrieve/f00c3038990e659934ca7ffc5b0bad4b
1989 UP,tu1903433.fits.fz,https://astroarchive.noirlab.edu/api/retrieve/81853dbc95744b8fb5bbfd5597cb24f0
1989 UP,c4d_130131_080326_ooi_z_v1.fits.fz,https://astroarchive.noirlab.edu/api/retrieve/f5a7a9ae820b0318996e165d55955919
1989 UP,c4d_130131_080326_ooi_z_ls11.fits.fz,https://astroarchive.noirlab.edu/api/retrieve/ff4ca3f346e4d4883d606a4ea90fa87f
1989 UP,dec046557.fits.fz,https://astroarchive.noirlab.edu/api/retrieve/387d4f442814b389f0b5035127850ecb
1989 UP,tu1903864.fits.fz,https://astroarchive.noirlab.edu/api/retrieve/b09739c5f7bf43ce10ed2363b115ac85
1989 UP,c4d_130131_080800_ooi_z_v1.fits.fz,https://astroarchive.noirlab.edu/api/retrieve/8f8d6c0e6a6bf8c2e1ab39162faf5110
1989 UP,c4d_130131_080800_ooi_z_ls11.fits.fz,https://astroarchive.noirlab.edu/api/retrieve/95a43c522c9cc59ac22497b327500fa6
1989 UP,dec046558.fits.fz,https://astroarchive.noirlab.edu/api/retrieve/af6f9510d6c5d353d6b4814cc1089cd6
1989 UP,tu1903963.fits.fz,https://astroarchive.noirlab.edu/api/retrieve/34302f9f16d08bbd5a392d09906a6ecf
1989 UP,c4d_130131_081231_ooi_z_v1.fits.fz,https://astroarchive.noirlab.edu/api/retrieve/b07b1cd2e019c5dde47584c0d96ec1ec
1989 UP,c4d_130131_081231_ooi_z_ls11.fits.fz,https://astroarchive.noirlab.edu/api/retrieve/d9a3546d13b87a81ddf3f150483d602a
1989 UP,dec046559.fits.fz,https://astroarchive.noirlab.edu/api/retrieve/6140e0e20c9796ecc3ddbcfca9e95968
1989 UP,tu1903544.fits.fz,https://astroarchive.noirlab.edu/api/retrieve/bcc3c79bc865692f36940e6568f52dea
1989 UP,c4d_130131_081659_ooi_z_v1.fits.fz,https://astroarchive.noirlab.edu/api/retrieve/a18e43015618438e35ba9ee86b1122e0
1989 UP,c4d_130131_081659_ooi_z_ls11.fits.fz,https://astroarchive.noirlab.edu/api/retrieve/4bd78d677240451396e14907d512e643
1989 UP,dec046560.fits.fz,https://astroarchive.noirlab.edu/api/retrieve/7473cb5ecadba9cc7c5bc58283cc2da6
1989 UP,tu1903092.fits.fz,https://astroarchive.noirlab.edu/api/retrieve/ab8c353131c0f9ad1a3490ee29f6d084
1989 UP,c4d_130131_082129_ooi_z_v1.fits.fz,https://astroarchive.noirlab.edu/api/retrieve/b7e04d67241573ee46184e0c038fb3f4
1989 UP,c4d_130131_082129_ooi_z_ls11.fits.fz,https://astroarchive.noirlab.edu/api/retrieve/4eb96763bfcadbb8624b000227174ec6
1989 UP,dec046561.fits.fz,https://astroarchive.noirlab.edu/api/retrieve/bd1f3c2042fd676030887660ad686e59
1989 UP,tu1903257.fits.fz,https://astroarchive.noirlab.edu/api/retrieve/ed397df714e0c1995c11af84a8d02758
1989 UP,c4d_130131_082556_ooi_z_v1.fits.fz,https://astroarchive.noirlab.edu/api/retrieve/1622b89de9d5d20146df6070bc68a65e
1989 UP,c4d_130131_082556_ooi_z_ls11.fits.fz,https://astroarchive.noirlab.edu/api/retrieve/db18fc5f42bdf922ce1b91e610114c96
1989 UP,dec046562.fits.fz,https://astroarchive.noirlab.edu/api/retrieve/053e187a866c57f22a4532a74a6a8721
1989 UP,tu1904015.fits.fz,https://astroarchive.noirlab.edu/api/retrieve/bde6749ec2eb8d77be0f49655ce09827
1989 UP,c4d_130131_083028_ooi_z_v1.fits.fz,https://astroarchive.noirlab.edu/api/retrieve/ec251a31e6d152646201026976378ca9
1989 UP,c4d_130131_083028_ooi_z_ls11.fits.fz,https://astroarchive.noirlab.edu/api/retrieve/bbb4caca5adf95cdb257dab5536ab67e
1989 UP,dec046563.fits.fz,https://astroarchive.noirlab.edu/api/retrieve/b0b98d5dbd31c1f40f5ece4d6f936c1a
1989 UP,tu1902853.fits.fz,https://astroarchive.noirlab.edu/api/retrieve/a62ac4b9cd9fd6d1e2c6c6b632175aa5
1989 UP,c4d_130131_083458_ooi_z_v1.fits.fz,https://astroarchive.noirlab.edu/api/retrieve/a60155c6de093a07a7cb0f51bc1299b2
1989 UP,c4d_130131_083458_ooi_z_ls11.fits.fz,https://astroarchive.noirlab.edu/api/retrieve/cb2c50c0e1450e79978e32c05d96011f
1989 UP,dec046564.fits.fz,https://astroarchive.noirlab.edu/api/retrieve/56142aa92ac4b89afebd036f7c80d710
1989 UP,tu1903434.fits.fz,https://astroarchive.noirlab.edu/api/retrieve/e1bf897a2435760d16dca538b1b4db81
1989 UP,c4d_130131_083926_ooi_z_v1.fits.fz,https://astroarchive.noirlab.edu/api/retrieve/c41b843825df3f1c0af995bd1eaed5d7
1989 UP,c4d_130131_083926_ooi_z_ls11.fits.fz,https://astroarchive.noirlab.edu/api/retrieve/7beef1677e35fd98e52385783a7e7adb
1989 UP,dec046565.fits.fz,https://astroarchive.noirlab.edu/api/retrieve/136b9e515d0ec83663447932d5187345
1989 UP,tu1903373.fits.fz,https://astroarchive.noirlab.edu/api/retrieve/d91aa4b7e1f52347dfdb636927c4284a
1989 UP,c4d_130131_084354_ooi_z_v1.fits.fz,https://astroarchive.noirlab.edu/api/retrieve/8c3dd05e9bd4044609ccdfe2f67a7c94
1989 UP,c4d_130131_084354_ooi_z_ls11.fits.fz,https://astroarchive.noirlab.edu/api/retrieve/1db09371c313c02bf206c7a2f9e953b1
1989 UP,dec046566.fits.fz,https://astroarchive.noirlab.edu/api/retrieve/e4b67c59343b24c5c7c9a065070c6e98
1989 UP,tu1903023.fits.fz,https://astroarchive.noirlab.edu/api/retrieve/4b4477e42141412a901915bc414b624a
1989 UP,c4d_130131_084827_ooi_z_v1.fits.fz,https://astroarchive.noirlab.edu/api/retrieve/e00a71540c0ca37cbb714552afc3e483
1989 UP,c4d_130131_084827_ooi_z_ls11.fits.fz,https://astroarchive.noirlab.edu/api/retrieve/a512260fd63b304bf5aa5f83afe75bfc
1989 UP,dec046567.fits.fz,https://astroarchive.noirlab.edu/api/retrieve/93c20846a2b11c798c24ca1d275b9dd0
1989 UP,tu1902557.fits.fz,https://astroarchive.noirlab.edu/api/retrieve/0ad9d4d82a73a5f0011177a1c8c2d0e6
1989 UP,c4d_130131_085256_ooi_z_v1.fits.fz,https://astroarchive.noirlab.edu/api/retrieve/d2d4e0bab910deb0dcdf525d0f2317c3
1989 UP,c4d_130131_085256_ooi_z_ls11.fits.fz,https://astroarchive.noirlab.edu/api/retrieve/b8c30b03c78cdd0da5b21a5bffd896cf
1989 UP,dec046568.fits.fz,https://astroarchive.noirlab.edu/api/retrieve/8937ea505b76dda7d172d4478122c5a0
1989 UP,tu1903089.fits.fz,https://astroarchive.noirlab.edu/api/retrieve/20664f6b159633b29a859387422ce8b1
1989 UP,c4d_130131_085724_ooi_z_v1.fits.fz,https://astroarchive.noirlab.edu/api/retrieve/cb28a74eb4cfd6f0223f178bbe28ac78
1989 UP,c4d_130131_085724_ooi_z_ls11.fits.fz,https://astroarchive.noirlab.edu/api/retrieve/5ca092c7d9e20039735228d523bd900c
1989 UP,dec046569.fits.fz,https://astroarchive.noirlab.edu/api/retrieve/65a80c9b2af95d34f05e1083e784fa72
1989 UP,tu1902553.fits.fz,https://astroarchive.noirlab.edu/api/retrieve/ccf900e854bcc061eb9938f918e6c103
1989 UP,c4d_130131_090155_ooi_z_v1.fits.fz,https://astroarchive.noirlab.edu/api/retrieve/756ca0533897cc7d677ff85a1b08ff5b
1989 UP,c4d_130131_090155_ooi_z_ls11.fits.fz,https://astroarchive.noirlab.edu/api/retrieve/36e3160de625e6dc381b2c8dca4f9ab0
1989 UP,dec048347.fits.fz,https://astroarchive.noirlab.edu/api/retrieve/3be5ab353ec66706c728f54f655c0626
1989 UP,tu1944886.fits.fz,https://astroarchive.noirlab.edu/api/retrieve/fd8d67de0c635ea1b1a370d1210098cd
1989 UP,c4d_130206_083645_ooi_z_v1.fits.fz,https://astroarchive.noirlab.edu/api/retrieve/a2b4a998dc0540e8ef87ab315f5f1e88
1989 UP,dec048348.fits.fz,https://astroarchive.noirlab.edu/api/retrieve/a48ef02819ef027c0cf64392823703eb
1989 UP,tu1944885.fits.fz,https://astroarchive.noirlab.edu/api/retrieve/7b3f36cd2c9599bd0471c949014ac09a
1989 UP,c4d_130206_083722_ooi_z_v1.fits.fz,https://astroarchive.noirlab.edu/api/retrieve/8cf700d928aaf00a6f34c34de76b6425
1989 UP,c4d_130206_083722_ooi_z_ls11.fits.fz,https://astroarchive.noirlab.edu/api/retrieve/15fdb5ca2812c28647be555e067eab5b
1989 UP,dec048349.fits.fz,https://astroarchive.noirlab.edu/api/retrieve/8fb89a0fc6edd110df1a00ad72ea1c6a
1989 UP,tu1944660.fits.fz,https://astroarchive.noirlab.edu/api/retrieve/250188fd78e0ef3f5790282fb34f35c9
1989 UP,c4d_130206_083838_ooi_z_v1.fits.fz,https://astroarchive.noirlab.edu/api/retrieve/29721be5296de45ae52f915e7d084028
1989 UP,c4d_130206_083838_ooi_z_ls11.fits.fz,https://astroarchive.noirlab.edu/api/retrieve/627d53a80054c9dccdff48c127920961
1989 UP,dec048350.fits.fz,https://astroarchive.noirlab.edu/api/retrieve/f891514fda3823c6015d5f0845e319a7
1989 UP,tu1944618.fits.fz,https://astroarchive.noirlab.edu/api/retrieve/b29514038f9e7fdbd74bf1f22cc7bd07
1989 UP,c4d_130206_084107_ooi_z_v1.fits.fz,https://astroarchive.noirlab.edu/api/retrieve/17ae6c1cb5e91e34e5c2240eb868c7eb
1989 UP,c4d_130206_084107_ooi_z_ls11.fits.fz,https://astroarchive.noirlab.edu/api/retrieve/4ce78b305e26e1f15bcbe1026cb41e2e
1989 UP,dec048351.fits.fz,https://astroarchive.noirlab.edu/api/retrieve/24f899fb87fd22a9d7453186430faf4e
1989 UP,tu1945045.fits.fz,https://astroarchive.noirlab.edu/api/retrieve/8f5aeaf785cfec7a11c7b8b648d8e7ad
1989 UP,c4d_130206_084335_ooi_z_v1.fits.fz,https://astroarchive.noirlab.edu/api/retrieve/2a725baf2c42b10effe48d6e1a248963
1989 UP,c4d_130206_084335_ooi_z_ls11.fits.fz,https://astroarchive.noirlab.edu/api/retrieve/896dca443d9c91b70faf6897b87e3fe8
1989 UP,dec048352.fits.fz,https://astroarchive.noirlab.edu/api/retrieve/677ddf722293dd3177e8e1158e9b02b7
1989 UP,tu1945183.fits.fz,https://astroarchive.noirlab.edu/api/retrieve/de89d1c31f1aea53b72eeaf8103dfdbf
1989 UP,c4d_130206_084606_ooi_z_v1.fits.fz,https://astroarchive.noirlab.edu/api/retrieve/c321376791043f75cbd226935bb67a68
1989 UP,c4d_130206_084606_ooi_z_ls11.fits.fz,https://astroarchive.noirlab.edu/api/retrieve/6f5da6b5e6d840100be854be3bde54db
1989 UP,dec048353.fits.fz,https://astroarchive.noirlab.edu/api/retrieve/4d16e3ec9969ca2f92f48a0a17e84383
1989 UP,tu1945290.fits.fz,https://astroarchive.noirlab.edu/api/retrieve/2afddd5cd65ff723e61b63e1dc936b42
1989 UP,c4d_130206_085033_ooi_z_v1.fits.fz,https://astroarchive.noirlab.edu/api/retrieve/e1c6ce6ccd2bdf38b10b0c06b7dba4c7
1989 UP,c4d_130206_085033_ooi_z_ls11.fits.fz,https://astroarchive.noirlab.edu/api/retrieve/23f5fea01d6034c8ddb73adb15592d51
1989 UP,dec048354.fits.fz,https://astroarchive.noirlab.edu/api/retrieve/8c32ac7f1b3b84cc1c91f0d480394d52
1989 UP,tu1944773.fits.fz,https://astroarchive.noirlab.edu/api/retrieve/5a68f47eaba84fb1fd08d76f63c3de90
1989 UP,c4d_130206_085502_ooi_z_v1.fits.fz,https://astroarchive.noirlab.edu/api/retrieve/fc9be32e4971b11644df1291b99dbf5a
1989 UP,c4d_130206_085502_ooi_z_ls11.fits.fz,https://astroarchive.noirlab.edu/api/retrieve/7f8e37a7a401758844ce176a66b2f140
1989 UP,dec048355.fits.fz,https://astroarchive.noirlab.edu/api/retrieve/e77e3603cebdbd2768ee66e13a250b4b
1989 UP,tu1944807.fits.fz,https://astroarchive.noirlab.edu/api/retrieve/dc2639882c783bdd29700690443610eb
1989 UP,c4d_130206_085931_ooi_z_v1.fits.fz,https://astroarchive.noirlab.edu/api/retrieve/1470c79fee2a6b9d29207a1ddac84be3
1989 UP,c4d_130206_085931_ooi_z_ls11.fits.fz,https://astroarchive.noirlab.edu/api/retrieve/4d6b8b793decea586a549845045f8db8
1989 UP,dec048356.fits.fz,https://astroarchive.noirlab.edu/api/retrieve/90d8a12e57ee04e7a828517182df21af
1989 UP,tu1945343.fits.fz,https://astroarchive.noirlab.edu/api/retrieve/b3f6f766533c4ef24ec0c477c4c3cd59
1989 UP,c4d_130206_090359_ooi_z_v1.fits.fz,https://astroarchive.noirlab.edu/api/retrieve/9b03e2d6d154b8a73a9a583228cc871c
1989 UP,c4d_130206_090359_ooi_z_ls11.fits.fz,https://astroarchive.noirlab.edu/api/retrieve/8477e1758f1c5f3d7df42b0ab3e64f47
1989 UP,dec048357.fits.fz,https://astroarchive.noirlab.edu/api/retrieve/c61efbbb03e9c1efca1d2a5325a9a45e
1989 UP,tu1945344.fits.fz,https://astroarchive.noirlab.edu/api/retrieve/45cc63ae68b7a9c11b8a4f7a8fed4132
1989 UP,c4d_130206_090828_ooi_z_v1.fits.fz,https://astroarchive.noirlab.edu/api/retrieve/45fee163e4b2dd571eab5eae61132ffd
1989 UP,c4d_130206_090828_ooi_z_ls11.fits.fz,https://astroarchive.noirlab.edu/api/retrieve/5247482f93b643b422457c04f49394d7
1989 UP,dec065066.fits.fz,https://astroarchive.noirlab.edu/api/retrieve/2741ce8c54fe85cf6c8c52155285bbee
1989 UP,tu1705226.fits.fz,https://astroarchive.noirlab.edu/api/retrieve/2ca1ce7719753ec1707f4e55b0c37cf7
1989 UP,c4d_130331_052130_ooi_z_v1.fits.fz,https://astroarchive.noirlab.edu/api/retrieve/4ddc0096957628baf0f9eac1bafd7a1e
1989 UP,c4d_130331_052130_ooi_z_ls11.fits.fz,https://astroarchive.noirlab.edu/api/retrieve/d4a3b0d4a3394af99cc4f1ddd2d624a5
1989 UP,dec065074.fits.fz,https://astroarchive.noirlab.edu/api/retrieve/f69859b7da20385fdea50abd3f297ce4
1989 UP,c4d_130331_053839_ooi_z_a1.fits.fz,https://astroarchive.noirlab.edu/api/retrieve/e962d8f108f9fa14b00e077750dae8f9
1989 UP,c4d_130331_053839_ooi_z_ls11.fits.fz,https://astroarchive.noirlab.edu/api/retrieve/40458a6f46853cd86da94909d7998d92
1989 UP,dec065075.fits.fz,https://astroarchive.noirlab.edu/api/retrieve/39c4e2011ad61f62d58601f95fe29f2e
1989 UP,tu1706242.fits.fz,https://astroarchive.noirlab.edu/api/retrieve/304074e0360d3d7a5f6b22908948f55f
1989 UP,c4d_130331_054051_ooi_z_v1.fits.fz,https://astroarchive.noirlab.edu/api/retrieve/38423bb2ff60133c11dea45d803748ff
1989 UP,c4d_130331_054051_ooi_z_ls11.fits.fz,https://astroarchive.noirlab.edu/api/retrieve/df795fa222ed4b824776dce1af3edced
1989 UP,dec065776.fits.fz,https://astroarchive.noirlab.edu/api/retrieve/b3ca887240466f65b4c631077a4df0b4
1989 UP,tu1703495.fits.fz,https://astroarchive.noirlab.edu/api/retrieve/55ec483757edfe67815e8cc5da72b2ae
1989 UP,c4d_130402_054331_ooi_z_v1.fits.fz,https://astroarchive.noirlab.edu/api/retrieve/33a6fcaaa1659afc2440b1fdb324eca7
1989 UP,c4d_130402_054331_ooi_z_ls11.fits.fz,https://astroarchive.noirlab.edu/api/retrieve/73ebfd475a8c50d6e59909796c6aca1a
1989 UP,dec066168.fits.fz,https://astroarchive.noirlab.edu/api/retrieve/4253c55d003f01c6aa09b61113364ffe
1989 UP,tu1703857.fits.fz,https://astroarchive.noirlab.edu/api/retrieve/59c791e02663d26d4cddd8a36a1cecb8
1989 UP,c4d_130403_055648_ooi_z_v1.fits.fz,https://astroarchive.noirlab.edu/api/retrieve/3ec41492b7068126f89a7a29b249cb1b
1989 UP,c4d_130403_055648_ooi_z_ls11.fits.fz,https://astroarchive.noirlab.edu/api/retrieve/90eac515c9ed2c11cf0a87fe2f52ba6c
1989 UP,dec066169.fits.fz,https://astroarchive.noirlab.edu/api/retrieve/f95ea846aab075213ac953803fcb05cd
1989 UP,tu1704809.fits.fz,https://astroarchive.noirlab.edu/api/retrieve/c53b162977d3762c533fce34fa8a9add
1989 UP,c4d_130403_055858_ooi_z_v1.fits.fz,https://astroarchive.noirlab.edu/api/retrieve/ea9a91630281f4f028549673397f8f5c
1989 UP,c4d_130403_055858_ooi_z_ls11.fits.fz,https://astroarchive.noirlab.edu/api/retrieve/12e5a2bb285454f2d14662b190eca705
1989 UP,dec066177.fits.fz,https://astroarchive.noirlab.edu/api/retrieve/d73f1ba5f531ea93ea076d36180bbc89
1989 UP,tu1705885.fits.fz,https://astroarchive.noirlab.edu/api/retrieve/433319e2f4575874ccf580a0ee1c718c
1989 UP,c4d_130403_061616_ooi_z_v1.fits.fz,https://astroarchive.noirlab.edu/api/retrieve/06d9c8a9fcc81291a05194009d9947ac
1989 UP,c4d_130403_061616_ooi_z_ls11.fits.fz,https://astroarchive.noirlab.edu/api/retrieve/45f8cec04536d16fe272d71dc80b8c9f
1989 UP,dec081647.fits.fz,https://astroarchive.noirlab.edu/api/retrieve/ef44e8446ec11454198b682ebe829d96
1989 UP,tu1814441.fits.fz,https://astroarchive.noirlab.edu/api/retrieve/4d2dffcf8463d4fdb8a00195a9c70404
1989 UP,c4d_130606_232402_ooi_r_a1.fits.fz,https://astroarchive.noirlab.edu/api/retrieve/3d050952df9c439a804a3145ed42f883
1989 UP,c4d_130606_232402_ooi_r_v2.fits.fz,https://astroarchive.noirlab.edu/api/retrieve/62a9410b627c2424ee063312923fa009
1989 UP,c4d_130606_232402_ooi_r_ls11.fits.fz,https://astroarchive.noirlab.edu/api/retrieve/b6f44d53c29ae5a1cf6fd36ee771e670
1989 UP,dec081648.fits.fz,https://astroarchive.noirlab.edu/api/retrieve/90d6ef5dbc333bf97602ee9403935ae1
1989 UP,tu1814573.fits.fz,https://astroarchive.noirlab.edu/api/retrieve/bea6ee61f20cf7864b78292ef1f2d7e6
1989 UP,c4d_130606_232503_ooi_r_a1.fits.fz,https://astroarchive.noirlab.edu/api/retrieve/e072ab572d59255a961949d1f0750ebf
1989 UP,c4d_130606_232503_ooi_r_v2.fits.fz,https://astroarchive.noirlab.edu/api/retrieve/b2766c5abd1af7da6c6857d8522a1b64
1989 UP,c4d_130606_232503_ooi_r_ls11.fits.fz,https://astroarchive.noirlab.edu/api/retrieve/ebf5a45cd4e87b6667b8bfb9167ab368
1989 UP,dec081649.fits.fz,https://astroarchive.noirlab.edu/api/retrieve/7e7f9624b12520f8cf5df0dfef03d38e
1989 UP,tu1813828.fits.fz,https://astroarchive.noirlab.edu/api/retrieve/853632f7918c73a3761914418a53c7ad
1989 UP,c4d_130606_232712_ooi_i_v2.fits.fz,https://astroarchive.noirlab.edu/api/retrieve/c2e5fe1f35f08b70bcee496ff359160b
1989 UP,dec081650.fits.fz,https://astroarchive.noirlab.edu/api/retrieve/0268400d6071ba08981cc7cf11eb04e9
1989 UP,tu1817183.fits.fz,https://astroarchive.noirlab.edu/api/retrieve/7ed14520e25b6dfc8f28506282ee948c
1989 UP,c4d_130606_232920_ooi_z_a1.fits.fz,https://astroarchive.noirlab.edu/api/retrieve/da6854e03ba749590abf74621daf5451
1989 UP,c4d_130606_232920_ooi_z_v2.fits.fz,https://astroarchive.noirlab.edu/api/retrieve/c2672951ca20522bde2ea6dc65fa6ed8
1989 UP,c4d_130606_232920_ooi_z_ls11.fits.fz,https://astroarchive.noirlab.edu/api/retrieve/eb5607786d3424d9eb297c6dace36904
1989 UP,dec081651.fits.fz,https://astroarchive.noirlab.edu/api/retrieve/e56bc64e6d7283c301c55fd27044539a
1989 UP,tu1812885.fits.fz,https://astroarchive.noirlab.edu/api/retrieve/927fc75c94ad2fad545182235a50b205
1989 UP,c4d_130606_233130_ooi_g_a1.fits.fz,https://astroarchive.noirlab.edu/api/retrieve/7273d2aa4373737525087f48cceeaace
1989 UP,c4d_130606_233130_ooi_g_v2.fits.fz,https://astroarchive.noirlab.edu/api/retrieve/457b23cc84202dbb90469a1c44aa7602
1989 UP,c4d_130606_233130_ooi_g_ls11.fits.fz,https://astroarchive.noirlab.edu/api/retrieve/d2364eddf5b9bbca21e6ead47a978f1a
1989 UP,dec081652.fits.fz,https://astroarchive.noirlab.edu/api/retrieve/7316855fb053bb7f449d0d72130938f4
1989 UP,tu1816190.fits.fz,https://astroarchive.noirlab.edu/api/retrieve/15bee8e26aebc843d2f4bdf794fe2457
1989 UP,c4d_130606_233341_ooi_u_v2.fits.fz,https://astroarchive.noirlab.edu/api/retrieve/de7ab6fce6576600db69c63f3fc264fb
1989 UP,dec081674.fits.fz,https://astroarchive.noirlab.edu/api/retrieve/23aa5932d0b54c8c4727095eb4dc5596
1989 UP,tu1814991.fits.fz,https://astroarchive.noirlab.edu/api/retrieve/92e3b873de11697d2e95b544b283636d
1989 UP,c4d_130607_010654_ooi_r_a1.fits.fz,https://astroarchive.noirlab.edu/api/retrieve/57378fa6e4e3ae334b4cf9cdc171551f
1989 UP,c4d_130607_010654_ooi_r_v2.fits.fz,https://astroarchive.noirlab.edu/api/retrieve/14c38a82b24b6fd343a9fc204dffb32d
1989 UP,c4d_130607_010654_ooi_r_ls11.fits.fz,https://astroarchive.noirlab.edu/api/retrieve/d00d0e5275f309486088cd431afe12c0
1989 UP,dec081675.fits.fz,https://astroarchive.noirlab.edu/api/retrieve/5b430cae09639ce26ff507befe956a51
1989 UP,tu1814355.fits.fz,https://astroarchive.noirlab.edu/api/retrieve/19c08eae3f83ed915b070e36038f649c
1989 UP,c4d_130607_010755_ooi_r_a1.fits.fz,https://astroarchive.noirlab.edu/api/retrieve/018121182ce89ca0d25bf2c499ed7f1f
1989 UP,c4d_130607_010755_ooi_r_v2.fits.fz,https://astroarchive.noirlab.edu/api/retrieve/051058298564c2cfd75f9bf6c8f0ede1
1989 UP,c4d_130607_010755_ooi_r_ls11.fits.fz,https://astroarchive.noirlab.edu/api/retrieve/852b75dd16cf7e9c13163c050a100984
1989 UP,dec081676.fits.fz,https://astroarchive.noirlab.edu/api/retrieve/ada0d5ba7510c94f5dac1cff98c400de
1989 UP,tu1813824.fits.fz,https://astroarchive.noirlab.edu/api/retrieve/d7225a5d353f6a4faf298c458f4cc1b9
1989 UP,c4d_130607_011004_ooi_i_v2.fits.fz,https://astroarchive.noirlab.edu/api/retrieve/438bfdd6d2e4e8518141e752a771c786
1989 UP,dec081677.fits.fz,https://astroarchive.noirlab.edu/api/retrieve/18595bca946435a1b0d96c178d29bf8d
1989 UP,tu1817372.fits.fz,https://astroarchive.noirlab.edu/api/retrieve/4f415b2d0c17be8bb5e32504ae66107b
1989 UP,c4d_130607_011214_ooi_z_a1.fits.fz,https://astroarchive.noirlab.edu/api/retrieve/127795c3da234af2274a456103a227c2
1989 UP,c4d_130607_011214_ooi_z_v2.fits.fz,https://astroarchive.noirlab.edu/api/retrieve/f2c84b20fd006b46d421a9b63c30a5cb
1989 UP,c4d_130607_011214_ooi_z_ls11.fits.fz,https://astroarchive.noirlab.edu/api/retrieve/02c6ac98886ddda6e3d4e41edffa9f83
1989 UP,dec081678.fits.fz,https://astroarchive.noirlab.edu/api/retrieve/4864dc9d732ded73fac0f017ad200b07
1989 UP,tu1812592.fits.fz,https://astroarchive.noirlab.edu/api/retrieve/3c6e0b012cfd62759df437065bb2e758
1989 UP,c4d_130607_011424_ooi_g_a1.fits.fz,https://astroarchive.noirlab.edu/api/retrieve/ed30380006082c5d8e87641b9203a387
1989 UP,c4d_130607_011424_ooi_g_v2.fits.fz,https://astroarchive.noirlab.edu/api/retrieve/ddc51d89b60ecd2d896a90048d1c2ef3
1989 UP,c4d_130607_011424_ooi_g_ls11.fits.fz,https://astroarchive.noirlab.edu/api/retrieve/2806ffa5e5dc28c10334f7ea02f65da4
1989 UP,dec081679.fits.fz,https://astroarchive.noirlab.edu/api/retrieve/c792b296bc6adef232a3aafb501010d0
1989 UP,tu1816460.fits.fz,https://astroarchive.noirlab.edu/api/retrieve/582a186bd7c58ceca77a6290ffbc8160
1989 UP,c4d_130607_011632_ooi_u_v2.fits.fz,https://astroarchive.noirlab.edu/api/retrieve/5310bad081db698a8a7d4b98a4848251
1989 UP,dec082303.fits.fz,https://astroarchive.noirlab.edu/api/retrieve/b1e5a42f4ad5bfb2397e16ba98d7383b
1989 UP,tu1815547.fits.fz,https://astroarchive.noirlab.edu/api/retrieve/4d1e89dbc2a6a12ba6f2efe17ad02c2c
1989 UP,c4d_130609_000112_ooi_r_a1.fits.fz,https://astroarchive.noirlab.edu/api/retrieve/2c0e4527b0aa922c9ef7be32cecdde45
1989 UP,c4d_130609_000112_ooi_r_v2.fits.fz,https://astroarchive.noirlab.edu/api/retrieve/7362a848e472d704177dd601c9e88d28
1989 UP,c4d_130609_000112_ooi_r_ls11.fits.fz,https://astroarchive.noirlab.edu/api/retrieve/529b73d2d1980e46f132fa1cb56698f8
1989 UP,dec082304.fits.fz,https://astroarchive.noirlab.edu/api/retrieve/c6d206865149a4f0cb0bbb7ab614855f
1989 UP,tu1814335.fits.fz,https://astroarchive.noirlab.edu/api/retrieve/c5593274972c271d5f8fdeaf9df02a70
1989 UP,c4d_130609_000213_ooi_r_a1.fits.fz,https://astroarchive.noirlab.edu/api/retrieve/f126f557b65fdcb4b8c2fde820eff5c6
1989 UP,c4d_130609_000213_ooi_r_v2.fits.fz,https://astroarchive.noirlab.edu/api/retrieve/1caef18044c8fb1aefcc9d385da5c6f5
1989 UP,c4d_130609_000213_ooi_r_ls11.fits.fz,https://astroarchive.noirlab.edu/api/retrieve/c6e014a49ff7f571bb4943246b4c230a
1989 UP,dec082305.fits.fz,https://astroarchive.noirlab.edu/api/retrieve/1c0945c77854de57f4e3700b66590ede
1989 UP,tu1813768.fits.fz,https://astroarchive.noirlab.edu/api/retrieve/84b3bafe8c8fab19b6e2a279a66ce41e
1989 UP,c4d_130609_000422_ooi_i_v2.fits.fz,https://astroarchive.noirlab.edu/api/retrieve/cc8fd42a00e2d5b38834cec75ae1035c
1989 UP,dec082306.fits.fz,https://astroarchive.noirlab.edu/api/retrieve/7b6202a4535d966cf18fab030ab78b06
1989 UP,tu1817416.fits.fz,https://astroarchive.noirlab.edu/api/retrieve/ecb647ac3e39073cdeefe97864589792
1989 UP,c4d_130609_000632_ooi_z_a1.fits.fz,https://astroarchive.noirlab.edu/api/retrieve/6f72cf202b9cd97ed6b7bf8106856cfc
1989 UP,c4d_130609_000632_ooi_z_v2.fits.fz,https://astroarchive.noirlab.edu/api/retrieve/b2e28310322a3e60626e1d37b4009a56
1989 UP,c4d_130609_000632_ooi_z_ls11.fits.fz,https://astroarchive.noirlab.edu/api/retrieve/3f3787429125ce12983854cd404bca61
1989 UP,dec082307.fits.fz,https://astroarchive.noirlab.edu/api/retrieve/d3dd16314a8c4f45ef557b7ce874687a
1989 UP,tu1812773.fits.fz,https://astroarchive.noirlab.edu/api/retrieve/adde54ca51fc3f419e5c5579e37d3c9a
1989 UP,c4d_130609_000841_ooi_g_a1.fits.fz,https://astroarchive.noirlab.edu/api/retrieve/c2f681a9cf0fa46117dc51df3575bea6
1989 UP,c4d_130609_000841_ooi_g_v2.fits.fz,https://astroarchive.noirlab.edu/api/retrieve/bbdbca6f989644b51b6c3a90df6f1439
1989 UP,c4d_130609_000841_ooi_g_ls11.fits.fz,https://astroarchive.noirlab.edu/api/retrieve/c6153cecfc139b7f8df042a0f72bc804
1989 UP,dec082308.fits.fz,https://astroarchive.noirlab.edu/api/retrieve/b84d7289f90f1625595861fcf3470a7d
1989 UP,tu1816373.fits.fz,https://astroarchive.noirlab.edu/api/retrieve/9ea25669e13dc402c967306e9bf2d698
1989 UP,c4d_130609_001053_ooi_u_v2.fits.fz,https://astroarchive.noirlab.edu/api/retrieve/06e71574832095b203a99ba92364c33b
1989 UP,c4d_140606_100926_ooi_r_v1.fits.fz,https://astroarchive.noirlab.edu/api/retrieve/567019fa6d166b25c0464ce6e532eb44
1989 UP,c4d_140606_101224_ooi_r_v1.fits.fz,https://astroarchive.noirlab.edu/api/retrieve/2da22f3cbc06512ed100ebfacfffdbd3
1989 UP,c4d_140619_083544_ooi_Y_v1.fits.fz,https://astroarchive.noirlab.edu/api/retrieve/31528da2fb4f7221e484094abdb5694c
1989 UP,c4d_140619_083635_ooi_z_v1.fits.fz,https://astroarchive.noirlab.edu/api/retrieve/4440c60582df747b15e04b276fc7def8
1989 UP,c4d_140619_083703_ooi_i_v1.fits.fz,https://astroarchive.noirlab.edu/api/retrieve/ecd580990140a2ea06a37783f5f6b58f
1989 UP,c4d_140619_083847_ooi_g_v1.fits.fz,https://astroarchive.noirlab.edu/api/retrieve/d741de0e813a6ebaeb231784c738d6a9
1989 UP,c4d_140619_083940_ooi_r_v1.fits.fz,https://astroarchive.noirlab.edu/api/retrieve/d70786de64a58111553f11ec566f82c9
1989 UP,c4d_140619_084042_ooi_u_v1.fits.fz,https://astroarchive.noirlab.edu/api/retrieve/443b2eeb1421ef05e478be4b04baa337
1989 UP,c4d_140619_084114_ooi_Y_v1.fits.fz,https://astroarchive.noirlab.edu/api/retrieve/59179332266a6e776c720b71f47db51a
1989 UP,c4d_140619_084245_ooi_z_v1.fits.fz,https://astroarchive.noirlab.edu/api/retrieve/a2cba742f2542a720e9e943d7a506d8f
1989 UP,c4d_140619_084339_ooi_i_v1.fits.fz,https://astroarchive.noirlab.edu/api/retrieve/6ee4fd22990bd217fc92be70293be061
1989 UP,c4d_140619_084440_ooi_g_v1.fits.fz,https://astroarchive.noirlab.edu/api/retrieve/b3f530569aaf7cfc614d4d14d3bd6e16
1989 UP,c4d_140619_084509_ooi_r_v1.fits.fz,https://astroarchive.noirlab.edu/api/retrieve/92009921154cb179c019ae65df8d293e
1989 UP,c4d_140619_084643_ooi_u_v1.fits.fz,https://astroarchive.noirlab.edu/api/retrieve/94e2cdc1c9ca4e48483cc0bacc5488b7
1989 UP,c4d_140619_084737_ooi_Y_v1.fits.fz,https://astroarchive.noirlab.edu/api/retrieve/2f5ac8565d04d6d0ecc9f7f0651a2c6e
1989 UP,c4d_140619_084836_ooi_z_v1.fits.fz,https://astroarchive.noirlab.edu/api/retrieve/2878131e97165560f7c4cff6a2414f15
1989 UP,c4d_140619_084906_ooi_i_v1.fits.fz,https://astroarchive.noirlab.edu/api/retrieve/61e2bd620731480d1a4e5dabb5e0f376
1989 UP,c4d_140619_085041_ooi_g_v1.fits.fz,https://astroarchive.noirlab.edu/api/retrieve/bdf0ab85e5c2693a5187ec443151ced5
1989 UP,c4d_140619_085136_ooi_r_v1.fits.fz,https://astroarchive.noirlab.edu/api/retrieve/a4edd956febd7e71ce8bf845edb3128e
1989 UP,c4d_140619_085234_ooi_u_v1.fits.fz,https://astroarchive.noirlab.edu/api/retrieve/c64531f8cd0e2b064b3445b62b436e98
1989 UP,c4d_140619_085306_ooi_Y_v1.fits.fz,https://astroarchive.noirlab.edu/api/retrieve/bde68977170b129ffbca415ab8e7fa90
1989 UP,c4d_140619_085441_ooi_z_v1.fits.fz,https://astroarchive.noirlab.edu/api/retrieve/bea3d2e895d5af8c84441c8753c03c6e
1989 UP,c4d_140619_085533_ooi_i_v1.fits.fz,https://astroarchive.noirlab.edu/api/retrieve/b2666d95ddadee61cd57c6abd03e34fb
1989 UP,c4d_140619_085630_ooi_g_v1.fits.fz,https://astroarchive.noirlab.edu/api/retrieve/47a3f0a411808e7715fe7c49e9aa4624
1989 UP,c4d_140619_085705_ooi_r_v1.fits.fz,https://astroarchive.noirlab.edu/api/retrieve/4a13be99e021a772263e25d3ea85ec3e
1989 UP,c4d_140619_085839_ooi_u_v1.fits.fz,https://astroarchive.noirlab.edu/api/retrieve/1dd9e67552a654f30d982e5c5d1b22fd
1989 UP,c4d_140630_074938_ooi_r_v1.fits.fz,https://astroarchive.noirlab.edu/api/retrieve/93f704c549ae291aea012192bea20bc6
1989 UP,c4d_140630_075114_ooi_r_v1.fits.fz,https://astroarchive.noirlab.edu/api/retrieve/74aee76f67619468b20b665cb77119c9
1989 UP,c4d_140630_075257_ooi_r_v1.fits.fz,https://astroarchive.noirlab.edu/api/retrieve/5c554aece584e901571ce487523afb87
1989 UP,c4d_140630_075438_ooi_r_v1.fits.fz,https://astroarchive.noirlab.edu/api/retrieve/3d5a659c407c2d6abfb76efcba566d7a
1989 UP,c4d_160503_101645_ooi_VR_v1.fits.fz,https://astroarchive.noirlab.edu/api/retrieve/53132a4a5fa7d0dfa33ca94476d8f3a9
1989 UP,c4d_160503_102128_ooi_VR_v1.fits.fz,https://astroarchive.noirlab.edu/api/retrieve/40b00320b94caa03986535e69bff4006
1989 UP,c4d_160503_102601_ooi_VR_v1.fits.fz,https://astroarchive.noirlab.edu/api/retrieve/83e8fbd3e92f4b9bb083ce7615b8ee6c
1989 UP,c4d_160504_100957_ooi_VR_v1.fits.fz,https://astroarchive.noirlab.edu/api/retrieve/4789a65ca5aee6857298677f52b6a371
1989 UP,c4d_160504_101431_ooi_VR_v1.fits.fz,https://astroarchive.noirlab.edu/api/retrieve/61eb3d092a289615745d19c1259468a1
1989 UP,c4d_160504_101907_ooi_VR_v1.fits.fz,https://astroarchive.noirlab.edu/api/retrieve/644a97c3e2f68fb3d2fe38dce1cb84dc
1989 UP,c4d_160504_102340_ooi_VR_v1.fits.fz,https://astroarchive.noirlab.edu/api/retrieve/6200f2e0e0effdf79714452b959cf991
1989 UP,c4d_160504_102820_ooi_VR_v1.fits.fz,https://astroarchive.noirlab.edu/api/retrieve/3a62a802c07ba30a0e25e2014c19b880
1989 UP,c4d_170801_090319_ooi_g_v1.fits.fz,https://astroarchive.noirlab.edu/api/retrieve/6e6a4796481fe21be30ac30c01f80dec
1989 UP,c4d_170801_090319_ooi_g_ls9.fits.fz,https://astroarchive.noirlab.edu/api/retrieve/353a746880f231726352c5262b8216e0
1989 UP,c4d_170828_093628_ooi_r_v1.fits.fz,https://astroarchive.noirlab.edu/api/retrieve/67c77437ebaaf69af5691c3b30e0c070
1989 UP,c4d_170828_093628_ooi_r_ls9.fits.fz,https://astroarchive.noirlab.edu/api/retrieve/7c8a6b6a116baa860027bdabea01baa5
1989 UP,c4d_170828_093826_ooi_i_v1.fits.fz,https://astroarchive.noirlab.edu/api/retrieve/f097e47303e79b780455800139ec0063
1989 UP,c4d_170828_093826_ooi_i_ls10.fits.fz,https://astroarchive.noirlab.edu/api/retrieve/3f69872a4ab37291d17b4932640c32ac
1989 UP,c4d_170828_094024_ooi_g_v1.fits.fz,https://astroarchive.noirlab.edu/api/retrieve/d42cc865222449428a2ba05ec8599ffa
1989 UP,c4d_170828_094024_ooi_g_ls9.fits.fz,https://astroarchive.noirlab.edu/api/retrieve/88bca9e0925c25fded6933d28227f90e
1989 UP,c4d_171010_052527_ooi_g_v1.fits.fz,https://astroarchive.noirlab.edu/api/retrieve/796e34a488f660bef37d6195733612e4
1989 UP,c4d_171010_052709_ooi_g_v1.fits.fz,https://astroarchive.noirlab.edu/api/retrieve/c13ac153b0aa4a6b02f0ab42374e8b04
1989 UP,c4d_171010_052709_ooi_g_ls9.fits.fz,https://astroarchive.noirlab.edu/api/retrieve/b1237c81bd3425c5baf0fee2111838d1
1989 UP,c4d_171010_053033_ooi_r_v1.fits.fz,https://astroarchive.noirlab.edu/api/retrieve/abdad13958a63d14f3b455b4ac219721
1989 UP,c4d_171010_053033_ooi_r_ls9.fits.fz,https://astroarchive.noirlab.edu/api/retrieve/cac61cfe2a2475ea2a4fe350f0a7dd9f
1989 UP,c4d_171010_053332_ooi_i_v1.fits.fz,https://astroarchive.noirlab.edu/api/retrieve/6e90facb955e2f6399662809f2d79d67
1989 UP,c4d_171010_053332_ooi_i_ls10.fits.fz,https://astroarchive.noirlab.edu/api/retrieve/a00aedd555102259dd916aa1378dd22c
1989 UP,c4d_171010_053720_ooi_z_v1.fits.fz,https://astroarchive.noirlab.edu/api/retrieve/447bb99ec62b2083cc822b9459fb117a
1989 UP,c4d_171010_053720_ooi_z_ls9.fits.fz,https://astroarchive.noirlab.edu/api/retrieve/61ca8ed0110a175f5c5696c750b2f5cb
1989 UP,c4d_171010_054109_ooi_z_v1.fits.fz,https://astroarchive.noirlab.edu/api/retrieve/2b1e95ae2fcadb4d7419c7550fcd944d
1989 UP,c4d_171010_054109_ooi_z_ls9.fits.fz,https://astroarchive.noirlab.edu/api/retrieve/3a58f10497d3023ab417447990626980
1989 UP,c4d_171017_071655_ooi_i_v1.fits.fz,https://astroarchive.noirlab.edu/api/retrieve/af579e3f8d04f16c39e6027d830a0e1f
1989 UP,c4d_171017_071655_ooi_i_ls10.fits.fz,https://astroarchive.noirlab.edu/api/retrieve/3c335832856972dfa485edc8301c7ea4
1989 UP,c4d_180219_061014_ooi_r_v1.fits.fz,https://astroarchive.noirlab.edu/api/retrieve/81c1a52550f25ce602abd5adc24342dd
1989 UP,c4d_180219_061014_ooi_r_ls9.fits.fz,https://astroarchive.noirlab.edu/api/retrieve/bffb7c19af863de736ea41d504cce326
1989 UP,c4d_180315_034035_ooi_g_v1.fits.fz,https://astroarchive.noirlab.edu/api/retrieve/2061eca22dfc41fb016dde39096317b4
1989 UP,c4d_180315_034035_ooi_g_ls9.fits.fz,https://astroarchive.noirlab.edu/api/retrieve/a45208b8c3b1fbd94e5e1c22f426b1aa
1989 UP,c4d_180316_032801_ooi_r_v1.fits.fz,https://astroarchive.noirlab.edu/api/retrieve/8eacde9b15b7b179e52485fc636d360e
1989 UP,c4d_180316_032801_ooi_r_ls9.fits.fz,https://astroarchive.noirlab.edu/api/retrieve/253ed99325b41bfdad7f39e7e6e8e7f7
1989 UP,c4d_180316_033108_ooi_g_v1.fits.fz,https://astroarchive.noirlab.edu/api/retrieve/a038cae0776eee06325187cab9b1036a
1989 UP,c4d_180316_033108_ooi_g_ls9.fits.fz,https://astroarchive.noirlab.edu/api/retrieve/0884b8bc27c446f986ad721bd4fe875e
1989 UP,c4d_180316_033337_ooi_r_v1.fits.fz,https://astroarchive.noirlab.edu/api/retrieve/0a89c1e56f91c120835f9f9ff63726e1
1989 UP,c4d_180316_033337_ooi_r_ls9.fits.fz,https://astroarchive.noirlab.edu/api/retrieve/78707e498aa4bbef5cf1dcd88054ff1d
1989 UP,c4d_180811_000751_ooi_g_v1.fits.fz,https://astroarchive.noirlab.edu/api/retrieve/468cdea694c153b4ba28ea6b6d5e2061
1989 UP,c4d_180811_000751_ooi_g_ls9.fits.fz,https://astroarchive.noirlab.edu/api/retrieve/cdc889d64562a0347e847bcc4ac43d88
1989 UP,c4d_190310_075623_ooi_g_v1.fits.fz,https://astroarchive.noirlab.edu/api/retrieve/904e4fb735479d8fabc5faf06b5851f0
1989 UP,c4d_190310_080011_ooi_r_v1.fits.fz,https://astroarchive.noirlab.edu/api/retrieve/3549ae43d4483f39fdf42d18922f2608
1989 UP,c4d_190311_075124_ooi_g_v1.fits.fz,https://astroarchive.noirlab.edu/api/retrieve/89ab63e4046e080356f3e70e30b2e7f7
1989 UP,c4d_190311_075514_ooi_r_v1.fits.fz,https://astroarchive.noirlab.edu/api/retrieve/b15c9dbc43776670e2d75fdcfb290b46
1989 UP,c4d_190718_030606_ooi_Y_v1.fits.fz,https://astroarchive.noirlab.edu/api/retrieve/5ef40ae1cdeb87837e070d4131bdf04e
1989 UP,c4d_190726_015533_ooi_r_v1.fits.fz,https://astroarchive.noirlab.edu/api/retrieve/a1a9d14271bb3ce1c83afd2719f0fe54
1989 UP,c4d_190726_015533_ooi_r_v2.fits.fz,https://astroarchive.noirlab.edu/api/retrieve/c968e5ac295a390dc947e5c8d56f95f9
1989 UP,c4d_190726_015642_ooi_r_v1.fits.fz,https://astroarchive.noirlab.edu/api/retrieve/78c4103ede01060df87ef8396eeb0c74
1989 UP,c4d_190726_015642_ooi_r_v2.fits.fz,https://astroarchive.noirlab.edu/api/retrieve/8e6764aa91fb6981c17c13f31f387b1b
1989 UP,c4d_190726_015724_ooi_r_v1.fits.fz,https://astroarchive.noirlab.edu/api/retrieve/86a0a1a9e8e97ae271da00c5820bbec0
1989 UP,c4d_190726_015724_ooi_r_v2.fits.fz,https://astroarchive.noirlab.edu/api/retrieve/b5b7f2afd0cb6738cae9cbbc37e3917e
1989 UP,c4d_190726_015807_ooi_r_v1.fits.fz,https://astroarchive.noirlab.edu/api/retrieve/40c51327c55747051d8ff84c105188cf
1989 UP,c4d_190726_044130_ooi_z_v1.fits.fz,https://astroarchive.noirlab.edu/api/retrieve/6c5d52a9f7e9d2e99d4650a9e9650d86
1989 UP,c4d_190726_044130_ooi_z_v2.fits.fz,https://astroarchive.noirlab.edu/api/retrieve/a0c3711b451c76c3053b0c46ff610424
1989 UP,c4d_190726_044224_ooi_z_v1.fits.fz,https://astroarchive.noirlab.edu/api/retrieve/f2975ae0dcb4601bf3e3c9d6c53f7f6a
1989 UP,c4d_190726_044224_ooi_z_v2.fits.fz,https://astroarchive.noirlab.edu/api/retrieve/dc3a29ff5ad1e5d5617e63fa3bb5bcea
1989 UP,c4d_190726_044306_ooi_z_v1.fits.fz,https://astroarchive.noirlab.edu/api/retrieve/a8dac9543a5b053135a8afcfc2b77a43
1989 UP,c4d_190726_044306_ooi_z_v2.fits.fz,https://astroarchive.noirlab.edu/api/retrieve/3e1474ead241a965cc817f365a717ee1
1989 UP,2430087p.fits.fz,https://ws.cadc-ccda.hia-iha.nrc-cnrc.gc.ca/data/pub/CFHT/2430087p.fits.fz
1989 UP,2430231p.fits.fz,https://ws.cadc-ccda.hia-iha.nrc-cnrc.gc.ca/data/pub/CFHT/2430231p.fits.fz
1989 UP,c4d_191104_004222_ooi_g_v1.fits.fz,https://astroarchive.noirlab.edu/api/retrieve/366f610ded529a2bdd8cad302f11b873
1989 UP,c4d_191104_004611_ooi_r_v1.fits.fz,https://astroarchive.noirlab.edu/api/retrieve/3ad34ea05d3005c9b6236389fb1e84cd
1989 UP,c4d_210502_065132_ooi_i_v1.fits.fz,https://astroarchive.noirlab.edu/api/retrieve/5cca665c4200c992040cfe410e3624ac
1989 UP,c4d_210502_065803_ooi_i_v1.fits.fz,https://astroarchive.noirlab.edu/api/retrieve/c3a4e8e272f64e82946b9f7eb961c384
1989 UP,c4d_211016_235130_ooi_r_v1.fits.fz,https://astroarchive.noirlab.edu/api/retrieve/3bdab781be3613810df08773b5a6abd7
1989 UP,c4d_211016_235425_ooi_r_v1.fits.fz,https://astroarchive.noirlab.edu/api/retrieve/552dddbee71b1c24765151056b2e12c6
1989 UP,c4d_220702_102353_ooi_i_v1.fits.fz,https://astroarchive.noirlab.edu/api/retrieve/06a72179d3017627e504932d29c023ef
1989 UP,c4d_220919_054227_ooi_g_v1.fits.fz,https://astroarchive.noirlab.edu/api/retrieve/c206c2eace42e821d7c8465e4f4abe74
2003 XY20,1715401p.fits.fz,https://ws.cadc-ccda.hia-iha.nrc-cnrc.gc.ca/data/pub/CFHT/1715401p.fits.fz
2003 XY20,1716717p.fits.fz,https://ws.cadc-ccda.hia-iha.nrc-cnrc.gc.ca/data/pub/CFHT/1716717p.fits.fz
2003 XY20,1716968p.fits.fz,https://ws.cadc-ccda.hia-iha.nrc-cnrc.gc.ca/data/pub/CFHT/1716968p.fits.fz
2003 XY20,1716976p.fits.fz,https://ws.cadc-ccda.hia-iha.nrc-cnrc.gc.ca/data/pub/CFHT/1716976p.fits.fz
2003 XY20,1717105p.fits.fz,https://ws.cadc-ccda.hia-iha.nrc-cnrc.gc.ca/data/pub/CFHT/1717105p.fits.fz
2003 XY20,1717116p.fits.fz,https://ws.cadc-ccda.hia-iha.nrc-cnrc.gc.ca/data/pub/CFHT/1717116p.fits.fz
2003 XY20,1717127p.fits.fz,https://ws.cadc-ccda.hia-iha.nrc-cnrc.gc.ca/data/pub/CFHT/1717127p.fits.fz
2003 XY20,c4d_140628_033015_ooi_r_v1.fits.fz,https://astroarchive.noirlab.edu/api/retrieve/a5b071314b97bf35f914db8dd26786e9
2003 XY20,c4d_140628_033015_ooi_r_ls9.fits.fz,https://astroarchive.noirlab.edu/api/retrieve/0650c3187d8ba81c5f8a0bc741f18922
2003 XY20,c4d_140629_003443_ooi_r_v1.fits.fz,https://astroarchive.noirlab.edu/api/retrieve/b8bcfff3984fef274aca03660612e6a3
2003 XY20,c4d_140629_003443_ooi_r_ls9.fits.fz,https://astroarchive.noirlab.edu/api/retrieve/54e00a125e68a4824ae21f4e26c796c9
2003 XY20,c4d_150904_054226_ooi_z_d2.fits.fz,https://astroarchive.noirlab.edu/api/retrieve/2c8a66a432f4328fa6a81d690dfbc1a0
2003 XY20,c4d_150904_054226_ooi_z_v1.fits.fz,https://astroarchive.noirlab.edu/api/retrieve/a9e36adf2a22f6b8225cdc8397d00792
2003 XY20,c4d_150904_054226_ooi_z_ls9.fits.fz,https://astroarchive.noirlab.edu/api/retrieve/e28b69743f91173d5135d9bd398645a1
2003 XY20,c4d_150904_054345_ooi_Y_d2.fits.fz,https://astroarchive.noirlab.edu/api/retrieve/745457fb59d8b97c71d39ca2dd4634a8
2003 XY20,c4d_150904_054345_ooi_Y_v1.fits.fz,https://astroarchive.noirlab.edu/api/retrieve/ef17921fcab92f0c197d36e7cc5deeca
2003 XY20,c4d_150904_054345_ooi_Y_ls11.fits.fz,https://astroarchive.noirlab.edu/api/retrieve/d9b36aa9b9eba60345f995ca66c55cb9
2003 XY20,c4d_180319_062601_ooi_g_v1.fits.fz,https://astroarchive.noirlab.edu/api/retrieve/c05aa904158298c1d3e14fb792ee49cc
2003 XY20,c4d_180319_062601_ooi_g_ls9.fits.fz,https://astroarchive.noirlab.edu/api/retrieve/a1896d31b387ea317d26f270932b74db
2003 XY20,2506075p.fits.fz,https://ws.cadc-ccda.hia-iha.nrc-cnrc.gc.ca/data/pub/CFHT/2506075p.fits.fz
2003 XY20,2506251p.fits.fz,https://ws.cadc-ccda.hia-iha.nrc-cnrc.gc.ca/data/pub/CFHT/2506251p.fits.fz
2003 XY20,2506476p.fits.fz,https://ws.cadc-ccda.hia-iha.nrc-cnrc.gc.ca/data/pub/CFHT/2506476p.fits.fz
2003 XY20,c4d_201023_045817_ooi_i_v1.fits.fz,https://astroarchive.noirlab.edu/api/retrieve/e23b86a6118ced7a433b042d82fd40d7
2003 XY20,c4d_201023_052408_ooi_g_v1.fits.fz,https://astroarchive.noirlab.edu/api/retrieve/5c49d55913708512381b26886426f766
2003 XY20,c4d_201023_052408_ooi_g_ls10.fits.fz,https://astroarchive.noirlab.edu/api/retrieve/4dce0c75031b5b81c0b9202ba267bfb5
2003 XY20,c4d_201023_053115_ooi_r_v1.fits.fz,https://astroarchive.noirlab.edu/api/retrieve/9e602bf54605bd9dcef952aa9c3236b7
2003 XY20,c4d_201023_053115_ooi_r_ls10.fits.fz,https://astroarchive.noirlab.edu/api/retrieve/fd74fa7b21468e3bc3fe98aa56680628
2003 XY20,c4d_201023_053218_ooi_g_v1.fits.fz,https://astroarchive.noirlab.edu/api/retrieve/ba848e8962ad69d835f4f32c4fd2ab34
2003 XY20,c4d_201023_053218_ooi_g_ls10.fits.fz,https://astroarchive.noirlab.edu/api/retrieve/62856af080ad1757fde537580c8f58ad
2003 XY20,c4d_201023_053316_ooi_g_v1.fits.fz,https://astroarchive.noirlab.edu/api/retrieve/01da7f6afbfc7d0faa93680a04fb57ee
2003 XY20,c4d_201023_053316_ooi_g_ls10.fits.fz,https://astroarchive.noirlab.edu/api/retrieve/c6f983304112ff1450ed3d393743c93b
2003 XY20,c4d_201023_053414_ooi_g_v1.fits.fz,https://astroarchive.noirlab.edu/api/retrieve/33ed63478d1af58df2d67fd1f88f5915
2003 XY20,c4d_201023_053414_ooi_g_ls10.fits.fz,https://astroarchive.noirlab.edu/api/retrieve/2375f189731e975c064cc11f956023ce
2003 XY20,c4d_201023_053513_ooi_r_v1.fits.fz,https://astroarchive.noirlab.edu/api/retrieve/b2ce33d8e59144500d4e66c90eb0fb60
2003 XY20,c4d_201023_053513_ooi_r_ls10.fits.fz,https://astroarchive.noirlab.edu/api/retrieve/e3462898faf5ea1fd126ba838669d8ba
2003 XY20,c4d_201023_053617_ooi_r_v1.fits.fz,https://astroarchive.noirlab.edu/api/retrieve/e07fcb3008fa25f854f6ad2188dbfe3e
2003 XY20,c4d_201023_053617_ooi_r_ls10.fits.fz,https://astroarchive.noirlab.edu/api/retrieve/5124fe563199de424701403373a4f94d
2003 XY20,c4d_220730_233358_ooi_z_v1.fits.fz,https://astroarchive.noirlab.edu/api/retrieve/5aabfe6cf4d6328f30ce412084e96ac2
2003 XY20,c4d_220730_233358_ooi_z_yse.fits.fz,https://astroarchive.noirlab.edu/api/retrieve/b3d32dab3d90def548a3c9a9986026cf
2003 AF23,919804p.fits.fz,https://ws.cadc-ccda.hia-iha.nrc-cnrc.gc.ca/data/pub/CFHT/919804p.fits.fz
2003 AF23,dec098793.fits.fz,https://astroarchive.noirlab.edu/api/retrieve/95367e5f9ba6e4a5c928acfa856bd219
2003 AF23,c4d_130816_065531_ooi_z_a1.fits.fz,https://astroarchive.noirlab.edu/api/retrieve/69af274f1718151be574576f95498e36
2003 AF23,c4d_130816_065531_ooi_z_ls11.fits.fz,https://astroarchive.noirlab.edu/api/retrieve/6eb5e1470412903e4bd2c4a60da53a71
2003 AF23,c4d_140526_094658_ooi_g_v1.fits.fz,https://astroarchive.noirlab.edu/api/retrieve/4b02b23b36be993274cdc8d7b4cbea3b
2003 AF23,c4d_140526_094658_ooi_g_ls9.fits.fz,https://astroarchive.noirlab.edu/api/retrieve/43a7c889cf015a6b29617f3e2486bd73
2003 AF23,c4d_140526_094941_ooi_g_v1.fits.fz,https://astroarchive.noirlab.edu/api/retrieve/1c355320fb1bebcfb3b9dfd2fef52717
2003 AF23,c4d_140526_094941_ooi_g_ls9.fits.fz,https://astroarchive.noirlab.edu/api/retrieve/df989946c191674a56e8a0bf9c07ddc9
2003 AF23,c4d_140526_095223_ooi_g_v1.fits.fz,https://astroarchive.noirlab.edu/api/retrieve/944c15c3ed051b3f3049fe411e0bd3f2
2003 AF23,c4d_140526_095223_ooi_g_ls9.fits.fz,https://astroarchive.noirlab.edu/api/retrieve/f2a3ad2f80747eee76e927f2a88d86a1
2003 AF23,c4d_140526_095538_ooi_r_v1.fits.fz,https://astroarchive.noirlab.edu/api/retrieve/9f14c66839bc5da809546caf8f6472f9
2003 AF23,c4d_140526_095538_ooi_r_ls9.fits.fz,https://astroarchive.noirlab.edu/api/retrieve/0f29e6649e706304eff6e48a21dd37d8
2003 AF23,c4d_140526_095853_ooi_r_v1.fits.fz,https://astroarchive.noirlab.edu/api/retrieve/9423469861d18a29a1eac4fe0dfe5aee
2003 AF23,c4d_140526_095853_ooi_r_ls9.fits.fz,https://astroarchive.noirlab.edu/api/retrieve/b5118d9c8dfe004004738def4a517979
2003 AF23,c4d_140526_100208_ooi_r_v1.fits.fz,https://astroarchive.noirlab.edu/api/retrieve/5ebb48095dfd123b2293b8c3f3d02114
2003 AF23,c4d_140526_100208_ooi_r_ls9.fits.fz,https://astroarchive.noirlab.edu/api/retrieve/a33feb36ea9606c7906db0162e148f3c
2003 AF23,c4d_140526_100555_ooi_z_v1.fits.fz,https://astroarchive.noirlab.edu/api/retrieve/642a90f1711d5c167a9bfefe40739409
2003 AF23,c4d_140526_100555_ooi_z_ls9.fits.fz,https://astroarchive.noirlab.edu/api/retrieve/5f0c1674ab290ff5027dc559ee69b47e
2003 AF23,c4d_140526_100942_ooi_z_v1.fits.fz,https://astroarchive.noirlab.edu/api/retrieve/2402cd703d0574c69a50c90a8e669fb7
